-- phpMyAdmin SQL Dump
-- version 5.2.0
-- https://www.phpmyadmin.net/
--
-- Servidor: 127.0.0.1
-- Tiempo de generación: 09-02-2023 a las 08:14:59
-- Versión del servidor: 10.4.27-MariaDB
-- Versión de PHP: 8.2.1

SET SQL_MODE = "NO_AUTO_VALUE_ON_ZERO";
START TRANSACTION;
SET time_zone = "+00:00";


/*!40101 SET @OLD_CHARACTER_SET_CLIENT=@@CHARACTER_SET_CLIENT */;
/*!40101 SET @OLD_CHARACTER_SET_RESULTS=@@CHARACTER_SET_RESULTS */;
/*!40101 SET @OLD_COLLATION_CONNECTION=@@COLLATION_CONNECTION */;
/*!40101 SET NAMES utf8mb4 */;

--
-- Base de datos: `reto`
--
CREATE DATABASE IF NOT EXISTS `reto` DEFAULT CHARACTER SET utf8mb4 COLLATE utf8mb4_general_ci;
USE `reto`;

-- --------------------------------------------------------

--
-- Estructura de tabla para la tabla `cotizacion`
--

CREATE TABLE `cotizacion` (
  `fecha` timestamp NOT NULL DEFAULT current_timestamp() ON UPDATE current_timestamp(),
  `empresa` varchar(255) NOT NULL,
  `var` float NOT NULL
) ENGINE=InnoDB DEFAULT CHARSET=utf8mb4 COLLATE=utf8mb4_unicode_ci;

--
-- Volcado de datos para la tabla `cotizacion`
--

INSERT INTO `cotizacion` (`fecha`, `empresa`, `var`) VALUES
('2021-12-31 23:01:00', 'BBVA', 8.52),
('2021-12-31 23:01:00', 'CELL', 16.61),
('2021-12-31 23:01:00', 'FERRO', 16.44),
('2021-12-31 23:01:00', 'IBE', 1.37),
('2021-12-31 23:01:00', 'NAT', 15.29),
('2021-12-31 23:01:00', 'REP', 7.11),
('2021-12-31 23:01:00', 'SANT', 17.24),
('2021-12-31 23:01:00', 'TELF', 2.72),
('2022-01-01 23:01:00', 'BBVA', 6.64),
('2022-01-01 23:01:00', 'CELL', 19.45),
('2022-01-01 23:01:00', 'FERRO', 9.04),
('2022-01-01 23:01:00', 'IBE', 9.26),
('2022-01-01 23:01:00', 'NAT', 13.03),
('2022-01-01 23:01:00', 'REP', 15.41),
('2022-01-01 23:01:00', 'SANT', 19.23),
('2022-01-01 23:01:00', 'TELF', 13.51),
('2022-01-02 23:01:00', 'BBVA', 15.06),
('2022-01-02 23:01:00', 'CELL', 6.91),
('2022-01-02 23:01:00', 'FERRO', 15.54),
('2022-01-02 23:01:00', 'IBE', 6.49),
('2022-01-02 23:01:00', 'NAT', 8.7),
('2022-01-02 23:01:00', 'REP', 15.63),
('2022-01-02 23:01:00', 'SANT', 8.43),
('2022-01-02 23:01:00', 'TELF', 9.05),
('2022-01-03 23:01:00', 'BBVA', 11.06),
('2022-01-03 23:01:00', 'CELL', 5.31),
('2022-01-03 23:01:00', 'FERRO', 17.42),
('2022-01-03 23:01:00', 'IBE', 1.03),
('2022-01-03 23:01:00', 'NAT', 8.47),
('2022-01-03 23:01:00', 'REP', 9.86),
('2022-01-03 23:01:00', 'SANT', 11.11),
('2022-01-03 23:01:00', 'TELF', 1.67),
('2022-01-04 23:01:00', 'BBVA', 17.46),
('2022-01-04 23:01:00', 'CELL', 11.08),
('2022-01-04 23:01:00', 'FERRO', 0.48),
('2022-01-04 23:01:00', 'IBE', 18.42),
('2022-01-04 23:01:00', 'NAT', 14.81),
('2022-01-04 23:01:00', 'REP', 9.67),
('2022-01-04 23:01:00', 'SANT', 3.21),
('2022-01-04 23:01:00', 'TELF', 3.92),
('2022-01-05 23:01:00', 'BBVA', 13.03),
('2022-01-05 23:01:00', 'CELL', 19.09),
('2022-01-05 23:01:00', 'FERRO', 11.3),
('2022-01-05 23:01:00', 'IBE', 17.16),
('2022-01-05 23:01:00', 'NAT', 13.39),
('2022-01-05 23:01:00', 'REP', 13.73),
('2022-01-05 23:01:00', 'SANT', 12.56),
('2022-01-05 23:01:00', 'TELF', 3.4),
('2022-01-06 23:01:00', 'BBVA', 3.9),
('2022-01-06 23:01:00', 'CELL', 6.74),
('2022-01-06 23:01:00', 'FERRO', 10.34),
('2022-01-06 23:01:00', 'IBE', 15.19),
('2022-01-06 23:01:00', 'NAT', 0.31),
('2022-01-06 23:01:00', 'REP', 8.46),
('2022-01-06 23:01:00', 'SANT', 11.97),
('2022-01-06 23:01:00', 'TELF', 15.93),
('2022-01-07 23:01:00', 'BBVA', 1.69),
('2022-01-07 23:01:00', 'CELL', 13.12),
('2022-01-07 23:01:00', 'FERRO', 14.37),
('2022-01-07 23:01:00', 'IBE', 13.82),
('2022-01-07 23:01:00', 'NAT', 10.73),
('2022-01-07 23:01:00', 'REP', 0.58),
('2022-01-07 23:01:00', 'SANT', 8.95),
('2022-01-07 23:01:00', 'TELF', 6.85),
('2022-01-08 23:01:00', 'BBVA', 7.92),
('2022-01-08 23:01:00', 'CELL', 11.92),
('2022-01-08 23:01:00', 'FERRO', 14.07),
('2022-01-08 23:01:00', 'IBE', 10.5),
('2022-01-08 23:01:00', 'NAT', 9.24),
('2022-01-08 23:01:00', 'REP', 17.53),
('2022-01-08 23:01:00', 'SANT', 0.02),
('2022-01-08 23:01:00', 'TELF', 10.61),
('2022-01-09 23:01:00', 'BBVA', 19.13),
('2022-01-09 23:01:00', 'CELL', 3.96),
('2022-01-09 23:01:00', 'FERRO', 9.84),
('2022-01-09 23:01:00', 'IBE', 0.96),
('2022-01-09 23:01:00', 'NAT', 0.44),
('2022-01-09 23:01:00', 'REP', 14.8),
('2022-01-09 23:01:00', 'SANT', 19.08),
('2022-01-09 23:01:00', 'TELF', 6.08),
('2022-01-10 23:01:00', 'BBVA', 9.06),
('2022-01-10 23:01:00', 'CELL', 13.68),
('2022-01-10 23:01:00', 'FERRO', 16.47),
('2022-01-10 23:01:00', 'IBE', 16.09),
('2022-01-10 23:01:00', 'NAT', 7.03),
('2022-01-10 23:01:00', 'REP', 2.32),
('2022-01-10 23:01:00', 'SANT', 7.64),
('2022-01-10 23:01:00', 'TELF', 19.05),
('2022-01-11 23:01:00', 'BBVA', 19.47),
('2022-01-11 23:01:00', 'CELL', 12.82),
('2022-01-11 23:01:00', 'FERRO', 1.29),
('2022-01-11 23:01:00', 'IBE', 2.96),
('2022-01-11 23:01:00', 'NAT', 19.94),
('2022-01-11 23:01:00', 'REP', 6.38),
('2022-01-11 23:01:00', 'SANT', 15.99),
('2022-01-11 23:01:00', 'TELF', 19.92),
('2022-01-12 23:01:00', 'BBVA', 2.06),
('2022-01-12 23:01:00', 'CELL', 15.85),
('2022-01-12 23:01:00', 'FERRO', 2.39),
('2022-01-12 23:01:00', 'IBE', 5.95),
('2022-01-12 23:01:00', 'NAT', 15.83),
('2022-01-12 23:01:00', 'REP', 19.41),
('2022-01-12 23:01:00', 'SANT', 19.4),
('2022-01-12 23:01:00', 'TELF', 8.12),
('2022-01-13 23:01:00', 'BBVA', 4.51),
('2022-01-13 23:01:00', 'CELL', 3.09),
('2022-01-13 23:01:00', 'FERRO', 2.99),
('2022-01-13 23:01:00', 'IBE', 6.43),
('2022-01-13 23:01:00', 'NAT', 8.43),
('2022-01-13 23:01:00', 'REP', 5.28),
('2022-01-13 23:01:00', 'SANT', 18.1),
('2022-01-13 23:01:00', 'TELF', 6.84),
('2022-01-14 23:01:00', 'BBVA', 2.1),
('2022-01-14 23:01:00', 'CELL', 12.08),
('2022-01-14 23:01:00', 'FERRO', 10.44),
('2022-01-14 23:01:00', 'IBE', 11.86),
('2022-01-14 23:01:00', 'NAT', 2.63),
('2022-01-14 23:01:00', 'REP', 0.14),
('2022-01-14 23:01:00', 'SANT', 12.46),
('2022-01-14 23:01:00', 'TELF', 19.62),
('2022-01-15 23:01:00', 'BBVA', 18.46),
('2022-01-15 23:01:00', 'CELL', 16.29),
('2022-01-15 23:01:00', 'FERRO', 8.09),
('2022-01-15 23:01:00', 'IBE', 8.13),
('2022-01-15 23:01:00', 'NAT', 17.18),
('2022-01-15 23:01:00', 'REP', 4.95),
('2022-01-15 23:01:00', 'SANT', 0.68),
('2022-01-15 23:01:00', 'TELF', 7.77),
('2022-01-16 23:01:00', 'BBVA', 9.48),
('2022-01-16 23:01:00', 'CELL', 3.5),
('2022-01-16 23:01:00', 'FERRO', 0.59),
('2022-01-16 23:01:00', 'IBE', 14.03),
('2022-01-16 23:01:00', 'NAT', 9.07),
('2022-01-16 23:01:00', 'REP', 13.92),
('2022-01-16 23:01:00', 'SANT', 13.27),
('2022-01-16 23:01:00', 'TELF', 13.28),
('2022-01-17 23:01:00', 'BBVA', 3.03),
('2022-01-17 23:01:00', 'CELL', 3.63),
('2022-01-17 23:01:00', 'FERRO', 10.85),
('2022-01-17 23:01:00', 'IBE', 6.11),
('2022-01-17 23:01:00', 'NAT', 13.14),
('2022-01-17 23:01:00', 'REP', 2.84),
('2022-01-17 23:01:00', 'SANT', 6.7),
('2022-01-17 23:01:00', 'TELF', 13.54),
('2022-01-18 23:01:00', 'BBVA', 12.66),
('2022-01-18 23:01:00', 'CELL', 6.52),
('2022-01-18 23:01:00', 'FERRO', 16.46),
('2022-01-18 23:01:00', 'IBE', 3.94),
('2022-01-18 23:01:00', 'NAT', 11.77),
('2022-01-18 23:01:00', 'REP', 12.29),
('2022-01-18 23:01:00', 'SANT', 11.94),
('2022-01-18 23:01:00', 'TELF', 1.33),
('2022-01-19 23:01:00', 'BBVA', 17.63),
('2022-01-19 23:01:00', 'CELL', 2.13),
('2022-01-19 23:01:00', 'FERRO', 4.81),
('2022-01-19 23:01:00', 'IBE', 14.95),
('2022-01-19 23:01:00', 'NAT', 9.09),
('2022-01-19 23:01:00', 'REP', 5.74),
('2022-01-19 23:01:00', 'SANT', 15.55),
('2022-01-19 23:01:00', 'TELF', 19.66),
('2022-01-20 23:01:00', 'BBVA', 3.22),
('2022-01-20 23:01:00', 'CELL', 10.18),
('2022-01-20 23:01:00', 'FERRO', 3.53),
('2022-01-20 23:01:00', 'IBE', 17.21),
('2022-01-20 23:01:00', 'NAT', 15.9),
('2022-01-20 23:01:00', 'REP', 19.81),
('2022-01-20 23:01:00', 'SANT', 18.99),
('2022-01-20 23:01:00', 'TELF', 8.36),
('2022-01-21 23:01:00', 'BBVA', 5.32),
('2022-01-21 23:01:00', 'CELL', 9.58),
('2022-01-21 23:01:00', 'FERRO', 12.3),
('2022-01-21 23:01:00', 'IBE', 16.17),
('2022-01-21 23:01:00', 'NAT', 15.48),
('2022-01-21 23:01:00', 'REP', 15.14),
('2022-01-21 23:01:00', 'SANT', 2.09),
('2022-01-21 23:01:00', 'TELF', 18.86),
('2022-01-22 23:01:00', 'BBVA', 18.2),
('2022-01-22 23:01:00', 'CELL', 9.92),
('2022-01-22 23:01:00', 'FERRO', 2.98),
('2022-01-22 23:01:00', 'IBE', 7.4),
('2022-01-22 23:01:00', 'NAT', 19.9),
('2022-01-22 23:01:00', 'REP', 16.34),
('2022-01-22 23:01:00', 'SANT', 18.68),
('2022-01-22 23:01:00', 'TELF', 6.08),
('2022-01-23 23:01:00', 'BBVA', 1.75),
('2022-01-23 23:01:00', 'CELL', 13.84),
('2022-01-23 23:01:00', 'FERRO', 10.37),
('2022-01-23 23:01:00', 'IBE', 2.75),
('2022-01-23 23:01:00', 'NAT', 17.85),
('2022-01-23 23:01:00', 'REP', 11.57),
('2022-01-23 23:01:00', 'SANT', 8.86),
('2022-01-23 23:01:00', 'TELF', 4.08),
('2022-01-24 23:01:00', 'BBVA', 17.21),
('2022-01-24 23:01:00', 'CELL', 12.7),
('2022-01-24 23:01:00', 'FERRO', 2.48),
('2022-01-24 23:01:00', 'IBE', 14.35),
('2022-01-24 23:01:00', 'NAT', 11.19),
('2022-01-24 23:01:00', 'REP', 16.02),
('2022-01-24 23:01:00', 'SANT', 6.81),
('2022-01-24 23:01:00', 'TELF', 5.35),
('2022-01-25 23:01:00', 'BBVA', 13.64),
('2022-01-25 23:01:00', 'CELL', 9.67),
('2022-01-25 23:01:00', 'FERRO', 0.97),
('2022-01-25 23:01:00', 'IBE', 11.44),
('2022-01-25 23:01:00', 'NAT', 12.93),
('2022-01-25 23:01:00', 'REP', 16.38),
('2022-01-25 23:01:00', 'SANT', 0.38),
('2022-01-25 23:01:00', 'TELF', 0.65),
('2022-01-26 23:01:00', 'BBVA', 6.67),
('2022-01-26 23:01:00', 'CELL', 1.14),
('2022-01-26 23:01:00', 'FERRO', 12.02),
('2022-01-26 23:01:00', 'IBE', 2.65),
('2022-01-26 23:01:00', 'NAT', 13.58),
('2022-01-26 23:01:00', 'REP', 16.32),
('2022-01-26 23:01:00', 'SANT', 19.17),
('2022-01-26 23:01:00', 'TELF', 4.08),
('2022-01-27 23:01:00', 'BBVA', 6.39),
('2022-01-27 23:01:00', 'CELL', 11.7),
('2022-01-27 23:01:00', 'FERRO', 8.96),
('2022-01-27 23:01:00', 'IBE', 12.93),
('2022-01-27 23:01:00', 'NAT', 4.46),
('2022-01-27 23:01:00', 'REP', 18.77),
('2022-01-27 23:01:00', 'SANT', 11.02),
('2022-01-27 23:01:00', 'TELF', 1.65),
('2022-01-28 23:01:00', 'BBVA', 3.02),
('2022-01-28 23:01:00', 'CELL', 4.33),
('2022-01-28 23:01:00', 'FERRO', 13.64),
('2022-01-28 23:01:00', 'IBE', 11.99),
('2022-01-28 23:01:00', 'NAT', 14.18),
('2022-01-28 23:01:00', 'REP', 3.07),
('2022-01-28 23:01:00', 'SANT', 10.17),
('2022-01-28 23:01:00', 'TELF', 4.24),
('2022-01-29 23:01:00', 'BBVA', 14.37),
('2022-01-29 23:01:00', 'CELL', 4.78),
('2022-01-29 23:01:00', 'FERRO', 19.86),
('2022-01-29 23:01:00', 'IBE', 0.45),
('2022-01-29 23:01:00', 'NAT', 3.15),
('2022-01-29 23:01:00', 'REP', 17.31),
('2022-01-29 23:01:00', 'SANT', 14.21),
('2022-01-29 23:01:00', 'TELF', 13.15),
('2022-01-30 23:01:00', 'BBVA', 12.16),
('2022-01-30 23:01:00', 'CELL', 3.17),
('2022-01-30 23:01:00', 'FERRO', 0.42),
('2022-01-30 23:01:00', 'IBE', 7.25),
('2022-01-30 23:01:00', 'NAT', 12.3),
('2022-01-30 23:01:00', 'REP', 16.14),
('2022-01-30 23:01:00', 'SANT', 16.2),
('2022-01-30 23:01:00', 'TELF', 2.83),
('2022-01-31 23:01:00', 'BBVA', 8.62),
('2022-01-31 23:01:00', 'CELL', 9.91),
('2022-01-31 23:01:00', 'FERRO', 13.13),
('2022-01-31 23:01:00', 'IBE', 18.64),
('2022-01-31 23:01:00', 'NAT', 19.02),
('2022-01-31 23:01:00', 'REP', 9.01),
('2022-01-31 23:01:00', 'SANT', 0.87),
('2022-01-31 23:01:00', 'TELF', 15.9),
('2022-02-01 23:01:00', 'BBVA', 17.68),
('2022-02-01 23:01:00', 'CELL', 16.64),
('2022-02-01 23:01:00', 'FERRO', 15.96),
('2022-02-01 23:01:00', 'IBE', 1.79),
('2022-02-01 23:01:00', 'NAT', 7.76),
('2022-02-01 23:01:00', 'REP', 6.35),
('2022-02-01 23:01:00', 'SANT', 8.33),
('2022-02-01 23:01:00', 'TELF', 18.65),
('2022-02-02 23:01:00', 'BBVA', 8),
('2022-02-02 23:01:00', 'CELL', 11.18),
('2022-02-02 23:01:00', 'FERRO', 15.78),
('2022-02-02 23:01:00', 'IBE', 9.84),
('2022-02-02 23:01:00', 'NAT', 14.43),
('2022-02-02 23:01:00', 'REP', 14.06),
('2022-02-02 23:01:00', 'SANT', 16.14),
('2022-02-02 23:01:00', 'TELF', 8.7),
('2022-02-03 23:01:00', 'BBVA', 14.49),
('2022-02-03 23:01:00', 'CELL', 1.02),
('2022-02-03 23:01:00', 'FERRO', 19.06),
('2022-02-03 23:01:00', 'IBE', 19.06),
('2022-02-03 23:01:00', 'NAT', 8.17),
('2022-02-03 23:01:00', 'REP', 1.8),
('2022-02-03 23:01:00', 'SANT', 10.98),
('2022-02-03 23:01:00', 'TELF', 6.71),
('2022-02-04 23:01:00', 'BBVA', 10.98),
('2022-02-04 23:01:00', 'CELL', 19.69),
('2022-02-04 23:01:00', 'FERRO', 2.77),
('2022-02-04 23:01:00', 'IBE', 10.74),
('2022-02-04 23:01:00', 'NAT', 15.72),
('2022-02-04 23:01:00', 'REP', 12.68),
('2022-02-04 23:01:00', 'SANT', 0.3),
('2022-02-04 23:01:00', 'TELF', 3.67),
('2022-02-05 23:01:00', 'BBVA', 18.97),
('2022-02-05 23:01:00', 'CELL', 4.37),
('2022-02-05 23:01:00', 'FERRO', 1.42),
('2022-02-05 23:01:00', 'IBE', 4.69),
('2022-02-05 23:01:00', 'NAT', 3.78),
('2022-02-05 23:01:00', 'REP', 6.47),
('2022-02-05 23:01:00', 'SANT', 4.82),
('2022-02-05 23:01:00', 'TELF', 1.98),
('2022-02-06 23:01:00', 'BBVA', 18.72),
('2022-02-06 23:01:00', 'CELL', 14.44),
('2022-02-06 23:01:00', 'FERRO', 7.41),
('2022-02-06 23:01:00', 'IBE', 17.11),
('2022-02-06 23:01:00', 'NAT', 19.56),
('2022-02-06 23:01:00', 'REP', 8.58),
('2022-02-06 23:01:00', 'SANT', 11.89),
('2022-02-06 23:01:00', 'TELF', 9.52),
('2022-02-07 23:01:00', 'BBVA', 19.29),
('2022-02-07 23:01:00', 'CELL', 15.98),
('2022-02-07 23:01:00', 'FERRO', 12.41),
('2022-02-07 23:01:00', 'IBE', 1.9),
('2022-02-07 23:01:00', 'NAT', 7.6),
('2022-02-07 23:01:00', 'REP', 14.56),
('2022-02-07 23:01:00', 'SANT', 8.76),
('2022-02-07 23:01:00', 'TELF', 1.85),
('2022-02-08 23:01:00', 'BBVA', 15.08),
('2022-02-08 23:01:00', 'CELL', 17.78),
('2022-02-08 23:01:00', 'FERRO', 12.43),
('2022-02-08 23:01:00', 'IBE', 7.21),
('2022-02-08 23:01:00', 'NAT', 16.76),
('2022-02-08 23:01:00', 'REP', 5.87),
('2022-02-08 23:01:00', 'SANT', 17.36),
('2022-02-08 23:01:00', 'TELF', 7.13),
('2022-02-09 23:01:00', 'BBVA', 17.49),
('2022-02-09 23:01:00', 'CELL', 15.89),
('2022-02-09 23:01:00', 'FERRO', 10.37),
('2022-02-09 23:01:00', 'IBE', 15.6),
('2022-02-09 23:01:00', 'NAT', 16.81),
('2022-02-09 23:01:00', 'REP', 9.51),
('2022-02-09 23:01:00', 'SANT', 2.37),
('2022-02-09 23:01:00', 'TELF', 19.9),
('2022-02-10 23:01:00', 'BBVA', 7.94),
('2022-02-10 23:01:00', 'CELL', 5.32),
('2022-02-10 23:01:00', 'FERRO', 2.77),
('2022-02-10 23:01:00', 'IBE', 8.15),
('2022-02-10 23:01:00', 'NAT', 16.21),
('2022-02-10 23:01:00', 'REP', 15.27),
('2022-02-10 23:01:00', 'SANT', 13.85),
('2022-02-10 23:01:00', 'TELF', 13.08),
('2022-02-11 23:01:00', 'BBVA', 3.1),
('2022-02-11 23:01:00', 'CELL', 6.97),
('2022-02-11 23:01:00', 'FERRO', 19.88),
('2022-02-11 23:01:00', 'IBE', 4.11),
('2022-02-11 23:01:00', 'NAT', 10.44),
('2022-02-11 23:01:00', 'REP', 4.54),
('2022-02-11 23:01:00', 'SANT', 6.66),
('2022-02-11 23:01:00', 'TELF', 0.45),
('2022-02-12 23:01:00', 'BBVA', 13.72),
('2022-02-12 23:01:00', 'CELL', 9.9),
('2022-02-12 23:01:00', 'FERRO', 17.48),
('2022-02-12 23:01:00', 'IBE', 10.07),
('2022-02-12 23:01:00', 'NAT', 11.51),
('2022-02-12 23:01:00', 'REP', 10.7),
('2022-02-12 23:01:00', 'SANT', 11.33),
('2022-02-12 23:01:00', 'TELF', 14.34),
('2022-02-13 23:01:00', 'BBVA', 3.04),
('2022-02-13 23:01:00', 'CELL', 8.67),
('2022-02-13 23:01:00', 'FERRO', 18.69),
('2022-02-13 23:01:00', 'IBE', 12.32),
('2022-02-13 23:01:00', 'NAT', 5.35),
('2022-02-13 23:01:00', 'REP', 19.53),
('2022-02-13 23:01:00', 'SANT', 3.35),
('2022-02-13 23:01:00', 'TELF', 0.19),
('2022-02-14 23:01:00', 'BBVA', 9.27),
('2022-02-14 23:01:00', 'CELL', 1.15),
('2022-02-14 23:01:00', 'FERRO', 0.5),
('2022-02-14 23:01:00', 'IBE', 9.3),
('2022-02-14 23:01:00', 'NAT', 15.86),
('2022-02-14 23:01:00', 'REP', 19.87),
('2022-02-14 23:01:00', 'SANT', 15.62),
('2022-02-14 23:01:00', 'TELF', 11.27),
('2022-02-15 23:01:00', 'BBVA', 18.24),
('2022-02-15 23:01:00', 'CELL', 1.85),
('2022-02-15 23:01:00', 'FERRO', 19.02),
('2022-02-15 23:01:00', 'IBE', 0.55),
('2022-02-15 23:01:00', 'NAT', 2.87),
('2022-02-15 23:01:00', 'REP', 14.74),
('2022-02-15 23:01:00', 'SANT', 5.92),
('2022-02-15 23:01:00', 'TELF', 15.94),
('2022-02-16 23:01:00', 'BBVA', 10.97),
('2022-02-16 23:01:00', 'CELL', 8.23),
('2022-02-16 23:01:00', 'FERRO', 7.79),
('2022-02-16 23:01:00', 'IBE', 7.02),
('2022-02-16 23:01:00', 'NAT', 1.51),
('2022-02-16 23:01:00', 'REP', 2.12),
('2022-02-16 23:01:00', 'SANT', 13.98),
('2022-02-16 23:01:00', 'TELF', 15.73),
('2022-02-17 23:01:00', 'BBVA', 7.01),
('2022-02-17 23:01:00', 'CELL', 0.67),
('2022-02-17 23:01:00', 'FERRO', 7.37),
('2022-02-17 23:01:00', 'IBE', 8.45),
('2022-02-17 23:01:00', 'NAT', 4.46),
('2022-02-17 23:01:00', 'REP', 16.21),
('2022-02-17 23:01:00', 'SANT', 9.38),
('2022-02-17 23:01:00', 'TELF', 6.68),
('2022-02-18 23:01:00', 'BBVA', 5.61),
('2022-02-18 23:01:00', 'CELL', 18.25),
('2022-02-18 23:01:00', 'FERRO', 10.02),
('2022-02-18 23:01:00', 'IBE', 16.31),
('2022-02-18 23:01:00', 'NAT', 6.27),
('2022-02-18 23:01:00', 'REP', 9.29),
('2022-02-18 23:01:00', 'SANT', 13.26),
('2022-02-18 23:01:00', 'TELF', 6.04),
('2022-02-19 23:01:00', 'BBVA', 14.05),
('2022-02-19 23:01:00', 'CELL', 4.89),
('2022-02-19 23:01:00', 'FERRO', 11.11),
('2022-02-19 23:01:00', 'IBE', 17.7),
('2022-02-19 23:01:00', 'NAT', 14.71),
('2022-02-19 23:01:00', 'REP', 16.57),
('2022-02-19 23:01:00', 'SANT', 11.61),
('2022-02-19 23:01:00', 'TELF', 19.71),
('2022-02-20 23:01:00', 'BBVA', 0.38),
('2022-02-20 23:01:00', 'CELL', 4.99),
('2022-02-20 23:01:00', 'FERRO', 10.08),
('2022-02-20 23:01:00', 'IBE', 11.17),
('2022-02-20 23:01:00', 'NAT', 5.52),
('2022-02-20 23:01:00', 'REP', 4.23),
('2022-02-20 23:01:00', 'SANT', 18.7),
('2022-02-20 23:01:00', 'TELF', 16.93),
('2022-02-21 23:01:00', 'BBVA', 2.58),
('2022-02-21 23:01:00', 'CELL', 7.03),
('2022-02-21 23:01:00', 'FERRO', 2.36),
('2022-02-21 23:01:00', 'IBE', 10.04),
('2022-02-21 23:01:00', 'NAT', 7.06),
('2022-02-21 23:01:00', 'REP', 11.35),
('2022-02-21 23:01:00', 'SANT', 5.29),
('2022-02-21 23:01:00', 'TELF', 1.05),
('2022-02-22 23:01:00', 'BBVA', 19.34),
('2022-02-22 23:01:00', 'CELL', 1.7),
('2022-02-22 23:01:00', 'FERRO', 2.01),
('2022-02-22 23:01:00', 'IBE', 9.54),
('2022-02-22 23:01:00', 'NAT', 13.69),
('2022-02-22 23:01:00', 'REP', 10.21),
('2022-02-22 23:01:00', 'SANT', 9.57),
('2022-02-22 23:01:00', 'TELF', 9.47),
('2022-02-23 23:01:00', 'BBVA', 1.44),
('2022-02-23 23:01:00', 'CELL', 16.31),
('2022-02-23 23:01:00', 'FERRO', 2.27),
('2022-02-23 23:01:00', 'IBE', 6.29),
('2022-02-23 23:01:00', 'NAT', 10.77),
('2022-02-23 23:01:00', 'REP', 5.78),
('2022-02-23 23:01:00', 'SANT', 5.81),
('2022-02-23 23:01:00', 'TELF', 17.41),
('2022-02-24 23:01:00', 'BBVA', 4.58),
('2022-02-24 23:01:00', 'CELL', 2.9),
('2022-02-24 23:01:00', 'FERRO', 19.8),
('2022-02-24 23:01:00', 'IBE', 13.62),
('2022-02-24 23:01:00', 'NAT', 5.28),
('2022-02-24 23:01:00', 'REP', 3.34),
('2022-02-24 23:01:00', 'SANT', 3.67),
('2022-02-24 23:01:00', 'TELF', 10.2),
('2022-02-25 23:01:00', 'BBVA', 1.76),
('2022-02-25 23:01:00', 'CELL', 10.82),
('2022-02-25 23:01:00', 'FERRO', 19.53),
('2022-02-25 23:01:00', 'IBE', 19.43),
('2022-02-25 23:01:00', 'NAT', 11.91),
('2022-02-25 23:01:00', 'REP', 14.94),
('2022-02-25 23:01:00', 'SANT', 15.81),
('2022-02-25 23:01:00', 'TELF', 7.97),
('2022-02-26 23:01:00', 'BBVA', 14.3),
('2022-02-26 23:01:00', 'CELL', 1.01),
('2022-02-26 23:01:00', 'FERRO', 10.71),
('2022-02-26 23:01:00', 'IBE', 15.05),
('2022-02-26 23:01:00', 'NAT', 12.32),
('2022-02-26 23:01:00', 'REP', 13.82),
('2022-02-26 23:01:00', 'SANT', 8.67),
('2022-02-26 23:01:00', 'TELF', 14.39),
('2022-02-27 23:01:00', 'BBVA', 0.61),
('2022-02-27 23:01:00', 'CELL', 9.79),
('2022-02-27 23:01:00', 'FERRO', 1.1),
('2022-02-27 23:01:00', 'IBE', 14.42),
('2022-02-27 23:01:00', 'NAT', 6.71),
('2022-02-27 23:01:00', 'REP', 5.28),
('2022-02-27 23:01:00', 'SANT', 12.74),
('2022-02-27 23:01:00', 'TELF', 11.87),
('2022-02-28 23:01:00', 'BBVA', 9.34),
('2022-02-28 23:01:00', 'CELL', 3.44),
('2022-02-28 23:01:00', 'FERRO', 19.77),
('2022-02-28 23:01:00', 'IBE', 8.39),
('2022-02-28 23:01:00', 'NAT', 11.67),
('2022-02-28 23:01:00', 'REP', 18.86),
('2022-02-28 23:01:00', 'SANT', 0.82),
('2022-02-28 23:01:00', 'TELF', 17.37),
('2022-03-01 23:01:00', 'BBVA', 3.65),
('2022-03-01 23:01:00', 'CELL', 19.56),
('2022-03-01 23:01:00', 'FERRO', 10),
('2022-03-01 23:01:00', 'IBE', 9.27),
('2022-03-01 23:01:00', 'NAT', 10.07),
('2022-03-01 23:01:00', 'REP', 8.67),
('2022-03-01 23:01:00', 'SANT', 1.28),
('2022-03-01 23:01:00', 'TELF', 5.53),
('2022-03-02 23:01:00', 'BBVA', 9.34),
('2022-03-02 23:01:00', 'CELL', 7.93),
('2022-03-02 23:01:00', 'FERRO', 14.15),
('2022-03-02 23:01:00', 'IBE', 11.71),
('2022-03-02 23:01:00', 'NAT', 15.09),
('2022-03-02 23:01:00', 'REP', 11.04),
('2022-03-02 23:01:00', 'SANT', 11.45),
('2022-03-02 23:01:00', 'TELF', 2.55),
('2022-03-03 23:01:00', 'BBVA', 14.62),
('2022-03-03 23:01:00', 'CELL', 5.16),
('2022-03-03 23:01:00', 'FERRO', 15.79),
('2022-03-03 23:01:00', 'IBE', 0.65),
('2022-03-03 23:01:00', 'NAT', 7.46),
('2022-03-03 23:01:00', 'REP', 11.12),
('2022-03-03 23:01:00', 'SANT', 6.22),
('2022-03-03 23:01:00', 'TELF', 13.92),
('2022-03-04 23:01:00', 'BBVA', 1.55),
('2022-03-04 23:01:00', 'CELL', 5.63),
('2022-03-04 23:01:00', 'FERRO', 17.91),
('2022-03-04 23:01:00', 'IBE', 0.62),
('2022-03-04 23:01:00', 'NAT', 2.93),
('2022-03-04 23:01:00', 'REP', 6.25),
('2022-03-04 23:01:00', 'SANT', 14.24),
('2022-03-04 23:01:00', 'TELF', 4.73),
('2022-03-05 23:01:00', 'BBVA', 16.45),
('2022-03-05 23:01:00', 'CELL', 4.61),
('2022-03-05 23:01:00', 'FERRO', 14.51),
('2022-03-05 23:01:00', 'IBE', 14.94),
('2022-03-05 23:01:00', 'NAT', 1.08),
('2022-03-05 23:01:00', 'REP', 12.87),
('2022-03-05 23:01:00', 'SANT', 15.58),
('2022-03-05 23:01:00', 'TELF', 11.5),
('2022-03-06 23:01:00', 'BBVA', 2.86),
('2022-03-06 23:01:00', 'CELL', 6.04),
('2022-03-06 23:01:00', 'FERRO', 19.7),
('2022-03-06 23:01:00', 'IBE', 5.93),
('2022-03-06 23:01:00', 'NAT', 1.73),
('2022-03-06 23:01:00', 'REP', 3.08),
('2022-03-06 23:01:00', 'SANT', 18.15),
('2022-03-06 23:01:00', 'TELF', 3.88),
('2022-03-07 23:01:00', 'BBVA', 13.19),
('2022-03-07 23:01:00', 'CELL', 19.97),
('2022-03-07 23:01:00', 'FERRO', 5.4),
('2022-03-07 23:01:00', 'IBE', 18.84),
('2022-03-07 23:01:00', 'NAT', 9.93),
('2022-03-07 23:01:00', 'REP', 14.25),
('2022-03-07 23:01:00', 'SANT', 8.38),
('2022-03-07 23:01:00', 'TELF', 5.65),
('2022-03-08 23:01:00', 'BBVA', 19.9),
('2022-03-08 23:01:00', 'CELL', 12.28),
('2022-03-08 23:01:00', 'FERRO', 4.8),
('2022-03-08 23:01:00', 'IBE', 12.24),
('2022-03-08 23:01:00', 'NAT', 18.37),
('2022-03-08 23:01:00', 'REP', 9.96),
('2022-03-08 23:01:00', 'SANT', 4.22),
('2022-03-08 23:01:00', 'TELF', 8.9),
('2022-03-09 23:01:00', 'BBVA', 9.77),
('2022-03-09 23:01:00', 'CELL', 0.12),
('2022-03-09 23:01:00', 'FERRO', 10.75),
('2022-03-09 23:01:00', 'IBE', 18.71),
('2022-03-09 23:01:00', 'NAT', 0.11),
('2022-03-09 23:01:00', 'REP', 9.68),
('2022-03-09 23:01:00', 'SANT', 5.28),
('2022-03-09 23:01:00', 'TELF', 18.22),
('2022-03-10 23:01:00', 'BBVA', 10.32),
('2022-03-10 23:01:00', 'CELL', 4.03),
('2022-03-10 23:01:00', 'FERRO', 19.8),
('2022-03-10 23:01:00', 'IBE', 4.48),
('2022-03-10 23:01:00', 'NAT', 10.5),
('2022-03-10 23:01:00', 'REP', 7.3),
('2022-03-10 23:01:00', 'SANT', 7.98),
('2022-03-10 23:01:00', 'TELF', 18.78),
('2022-03-11 23:01:00', 'BBVA', 8.18),
('2022-03-11 23:01:00', 'CELL', 7.17),
('2022-03-11 23:01:00', 'FERRO', 2.84),
('2022-03-11 23:01:00', 'IBE', 9.86),
('2022-03-11 23:01:00', 'NAT', 4.16),
('2022-03-11 23:01:00', 'REP', 6.54),
('2022-03-11 23:01:00', 'SANT', 4.66),
('2022-03-11 23:01:00', 'TELF', 7.26),
('2022-03-12 23:01:00', 'BBVA', 10.02),
('2022-03-12 23:01:00', 'CELL', 6.49),
('2022-03-12 23:01:00', 'FERRO', 14.74),
('2022-03-12 23:01:00', 'IBE', 8),
('2022-03-12 23:01:00', 'NAT', 3.51),
('2022-03-12 23:01:00', 'REP', 1.43),
('2022-03-12 23:01:00', 'SANT', 9.56),
('2022-03-12 23:01:00', 'TELF', 14.94),
('2022-03-13 23:01:00', 'BBVA', 9.26),
('2022-03-13 23:01:00', 'CELL', 11.62),
('2022-03-13 23:01:00', 'FERRO', 12.21),
('2022-03-13 23:01:00', 'IBE', 4.62),
('2022-03-13 23:01:00', 'NAT', 17.12),
('2022-03-13 23:01:00', 'REP', 18.63),
('2022-03-13 23:01:00', 'SANT', 8.63),
('2022-03-13 23:01:00', 'TELF', 5.86),
('2022-03-14 23:01:00', 'BBVA', 5.71),
('2022-03-14 23:01:00', 'CELL', 16.18),
('2022-03-14 23:01:00', 'FERRO', 12.34),
('2022-03-14 23:01:00', 'IBE', 15.84),
('2022-03-14 23:01:00', 'NAT', 12.77),
('2022-03-14 23:01:00', 'REP', 1.47),
('2022-03-14 23:01:00', 'SANT', 11.51),
('2022-03-14 23:01:00', 'TELF', 16.94),
('2022-03-15 23:01:00', 'BBVA', 17.2),
('2022-03-15 23:01:00', 'CELL', 16.8),
('2022-03-15 23:01:00', 'FERRO', 17.09),
('2022-03-15 23:01:00', 'IBE', 13.3),
('2022-03-15 23:01:00', 'NAT', 5.21),
('2022-03-15 23:01:00', 'REP', 0.8),
('2022-03-15 23:01:00', 'SANT', 13),
('2022-03-15 23:01:00', 'TELF', 5.07),
('2022-03-16 23:01:00', 'BBVA', 7.33),
('2022-03-16 23:01:00', 'CELL', 12.9),
('2022-03-16 23:01:00', 'FERRO', 1.69),
('2022-03-16 23:01:00', 'IBE', 3.76),
('2022-03-16 23:01:00', 'NAT', 11.86),
('2022-03-16 23:01:00', 'REP', 16.99),
('2022-03-16 23:01:00', 'SANT', 2.19),
('2022-03-16 23:01:00', 'TELF', 17.47),
('2022-03-17 23:01:00', 'BBVA', 6.07),
('2022-03-17 23:01:00', 'CELL', 2.09),
('2022-03-17 23:01:00', 'FERRO', 7),
('2022-03-17 23:01:00', 'IBE', 2.1),
('2022-03-17 23:01:00', 'NAT', 14.93),
('2022-03-17 23:01:00', 'REP', 18.06),
('2022-03-17 23:01:00', 'SANT', 7.1),
('2022-03-17 23:01:00', 'TELF', 5.26),
('2022-03-18 23:01:00', 'BBVA', 9.83),
('2022-03-18 23:01:00', 'CELL', 7.12),
('2022-03-18 23:01:00', 'FERRO', 15.43),
('2022-03-18 23:01:00', 'IBE', 12.25),
('2022-03-18 23:01:00', 'NAT', 11.15),
('2022-03-18 23:01:00', 'REP', 16.08),
('2022-03-18 23:01:00', 'SANT', 10.53),
('2022-03-18 23:01:00', 'TELF', 14.23),
('2022-03-19 23:01:00', 'BBVA', 6.28),
('2022-03-19 23:01:00', 'CELL', 14.99),
('2022-03-19 23:01:00', 'FERRO', 13.61),
('2022-03-19 23:01:00', 'IBE', 8.14),
('2022-03-19 23:01:00', 'NAT', 15.99),
('2022-03-19 23:01:00', 'REP', 5.6),
('2022-03-19 23:01:00', 'SANT', 0.45),
('2022-03-19 23:01:00', 'TELF', 12.75),
('2022-03-20 23:01:00', 'BBVA', 10.25),
('2022-03-20 23:01:00', 'CELL', 18.14),
('2022-03-20 23:01:00', 'FERRO', 3.77),
('2022-03-20 23:01:00', 'IBE', 2.26),
('2022-03-20 23:01:00', 'NAT', 0.68),
('2022-03-20 23:01:00', 'REP', 17.9),
('2022-03-20 23:01:00', 'SANT', 0.9),
('2022-03-20 23:01:00', 'TELF', 13.82),
('2022-03-21 23:01:00', 'BBVA', 19.09),
('2022-03-21 23:01:00', 'CELL', 17.13),
('2022-03-21 23:01:00', 'FERRO', 4.73),
('2022-03-21 23:01:00', 'IBE', 11.36),
('2022-03-21 23:01:00', 'NAT', 16.81),
('2022-03-21 23:01:00', 'REP', 18.78),
('2022-03-21 23:01:00', 'SANT', 17.06),
('2022-03-21 23:01:00', 'TELF', 13.59),
('2022-03-22 23:01:00', 'BBVA', 14.37),
('2022-03-22 23:01:00', 'CELL', 18.92),
('2022-03-22 23:01:00', 'FERRO', 1.73),
('2022-03-22 23:01:00', 'IBE', 16.75),
('2022-03-22 23:01:00', 'NAT', 18.37),
('2022-03-22 23:01:00', 'REP', 4.72),
('2022-03-22 23:01:00', 'SANT', 1.29),
('2022-03-22 23:01:00', 'TELF', 19.11),
('2022-03-23 23:01:00', 'BBVA', 12.67),
('2022-03-23 23:01:00', 'CELL', 10.48),
('2022-03-23 23:01:00', 'FERRO', 6.65),
('2022-03-23 23:01:00', 'IBE', 17.19),
('2022-03-23 23:01:00', 'NAT', 17.18),
('2022-03-23 23:01:00', 'REP', 1.06),
('2022-03-23 23:01:00', 'SANT', 3.5),
('2022-03-23 23:01:00', 'TELF', 6.85),
('2022-03-24 23:01:00', 'BBVA', 14.84),
('2022-03-24 23:01:00', 'CELL', 18.43),
('2022-03-24 23:01:00', 'FERRO', 18.86),
('2022-03-24 23:01:00', 'IBE', 0.33),
('2022-03-24 23:01:00', 'NAT', 9.56),
('2022-03-24 23:01:00', 'REP', 13.22),
('2022-03-24 23:01:00', 'SANT', 3.23),
('2022-03-24 23:01:00', 'TELF', 14.68),
('2022-03-25 23:01:00', 'BBVA', 14.48),
('2022-03-25 23:01:00', 'CELL', 14.4),
('2022-03-25 23:01:00', 'FERRO', 3.39),
('2022-03-25 23:01:00', 'IBE', 14.33),
('2022-03-25 23:01:00', 'NAT', 2.72),
('2022-03-25 23:01:00', 'REP', 1.59),
('2022-03-25 23:01:00', 'SANT', 18.64),
('2022-03-25 23:01:00', 'TELF', 13.55),
('2022-03-26 23:01:00', 'BBVA', 10.53),
('2022-03-26 23:01:00', 'CELL', 8.45),
('2022-03-26 23:01:00', 'FERRO', 9.2),
('2022-03-26 23:01:00', 'IBE', 2.95),
('2022-03-26 23:01:00', 'NAT', 13.27),
('2022-03-26 23:01:00', 'REP', 11.64),
('2022-03-26 23:01:00', 'SANT', 1.01),
('2022-03-26 23:01:00', 'TELF', 12.99),
('2022-03-27 23:01:00', 'BBVA', 2.72),
('2022-03-27 23:01:00', 'CELL', 11.64),
('2022-03-27 23:01:00', 'FERRO', 17.07),
('2022-03-27 23:01:00', 'IBE', 0.34),
('2022-03-27 23:01:00', 'NAT', 7.64),
('2022-03-27 23:01:00', 'REP', 0.75),
('2022-03-27 23:01:00', 'SANT', 14.98),
('2022-03-27 23:01:00', 'TELF', 19.63),
('2022-03-28 23:01:00', 'BBVA', 13.08),
('2022-03-28 23:01:00', 'CELL', 12.02),
('2022-03-28 23:01:00', 'FERRO', 10.13),
('2022-03-28 23:01:00', 'IBE', 8.63),
('2022-03-28 23:01:00', 'NAT', 18.85),
('2022-03-28 23:01:00', 'REP', 18.94),
('2022-03-28 23:01:00', 'SANT', 12.14),
('2022-03-28 23:01:00', 'TELF', 9.6),
('2022-03-29 23:01:00', 'BBVA', 0.91),
('2022-03-29 23:01:00', 'CELL', 18.05),
('2022-03-29 23:01:00', 'FERRO', 3.15),
('2022-03-29 23:01:00', 'IBE', 14.74),
('2022-03-29 23:01:00', 'NAT', 18.5),
('2022-03-29 23:01:00', 'REP', 15.23),
('2022-03-29 23:01:00', 'SANT', 5.34),
('2022-03-29 23:01:00', 'TELF', 5.24),
('2022-03-30 23:01:00', 'BBVA', 2.83),
('2022-03-30 23:01:00', 'CELL', 15.84),
('2022-03-30 23:01:00', 'FERRO', 1.67),
('2022-03-30 23:01:00', 'IBE', 11.91),
('2022-03-30 23:01:00', 'NAT', 7.37),
('2022-03-30 23:01:00', 'REP', 10.56),
('2022-03-30 23:01:00', 'SANT', 11.46),
('2022-03-30 23:01:00', 'TELF', 14.5),
('2022-03-31 23:01:00', 'BBVA', 18.28),
('2022-03-31 23:01:00', 'CELL', 4.79),
('2022-03-31 23:01:00', 'FERRO', 9.6),
('2022-03-31 23:01:00', 'IBE', 15.37),
('2022-03-31 23:01:00', 'NAT', 9.61),
('2022-03-31 23:01:00', 'REP', 3.22),
('2022-03-31 23:01:00', 'SANT', 9.49),
('2022-03-31 23:01:00', 'TELF', 3.16),
('2022-04-01 23:01:00', 'BBVA', 0.38),
('2022-04-01 23:01:00', 'CELL', 18.4),
('2022-04-01 23:01:00', 'FERRO', 7.08),
('2022-04-01 23:01:00', 'IBE', 14.14),
('2022-04-01 23:01:00', 'NAT', 16.47),
('2022-04-01 23:01:00', 'REP', 1.21),
('2022-04-01 23:01:00', 'SANT', 4.24),
('2022-04-01 23:01:00', 'TELF', 0.26),
('2022-04-02 23:01:00', 'BBVA', 8.13),
('2022-04-02 23:01:00', 'CELL', 19.25),
('2022-04-02 23:01:00', 'FERRO', 17.38),
('2022-04-02 23:01:00', 'IBE', 2.55),
('2022-04-02 23:01:00', 'NAT', 11.8),
('2022-04-02 23:01:00', 'REP', 14.82),
('2022-04-02 23:01:00', 'SANT', 14.21),
('2022-04-02 23:01:00', 'TELF', 3.98),
('2022-04-03 23:01:00', 'BBVA', 19.48),
('2022-04-03 23:01:00', 'CELL', 0.88),
('2022-04-03 23:01:00', 'FERRO', 11.57),
('2022-04-03 23:01:00', 'IBE', 1.31),
('2022-04-03 23:01:00', 'NAT', 8.41),
('2022-04-03 23:01:00', 'REP', 8.61),
('2022-04-03 23:01:00', 'SANT', 1.51),
('2022-04-03 23:01:00', 'TELF', 16.88),
('2022-04-04 23:01:00', 'BBVA', 6.77),
('2022-04-04 23:01:00', 'CELL', 0.35),
('2022-04-04 23:01:00', 'FERRO', 5.81),
('2022-04-04 23:01:00', 'IBE', 15.02),
('2022-04-04 23:01:00', 'NAT', 6.31),
('2022-04-04 23:01:00', 'REP', 17.98),
('2022-04-04 23:01:00', 'SANT', 13.38),
('2022-04-04 23:01:00', 'TELF', 2.44),
('2022-04-05 23:01:00', 'BBVA', 4.09),
('2022-04-05 23:01:00', 'CELL', 9.77),
('2022-04-05 23:01:00', 'FERRO', 14.62),
('2022-04-05 23:01:00', 'IBE', 8.35),
('2022-04-05 23:01:00', 'NAT', 17.64),
('2022-04-05 23:01:00', 'REP', 13.9),
('2022-04-05 23:01:00', 'SANT', 16.41),
('2022-04-05 23:01:00', 'TELF', 12.55),
('2022-04-06 23:01:00', 'BBVA', 15.45),
('2022-04-06 23:01:00', 'CELL', 3.66),
('2022-04-06 23:01:00', 'FERRO', 5.25),
('2022-04-06 23:01:00', 'IBE', 0.7),
('2022-04-06 23:01:00', 'NAT', 14.19),
('2022-04-06 23:01:00', 'REP', 9.14),
('2022-04-06 23:01:00', 'SANT', 10.9),
('2022-04-06 23:01:00', 'TELF', 4.8),
('2022-04-07 23:01:00', 'BBVA', 5.06),
('2022-04-07 23:01:00', 'CELL', 2.73),
('2022-04-07 23:01:00', 'FERRO', 16.82),
('2022-04-07 23:01:00', 'IBE', 12.95),
('2022-04-07 23:01:00', 'NAT', 7.65),
('2022-04-07 23:01:00', 'REP', 7.2),
('2022-04-07 23:01:00', 'SANT', 9.23),
('2022-04-07 23:01:00', 'TELF', 11.13),
('2022-04-08 23:01:00', 'BBVA', 13.12),
('2022-04-08 23:01:00', 'CELL', 9.27),
('2022-04-08 23:01:00', 'FERRO', 13.79),
('2022-04-08 23:01:00', 'IBE', 17.86),
('2022-04-08 23:01:00', 'NAT', 15),
('2022-04-08 23:01:00', 'REP', 8.3),
('2022-04-08 23:01:00', 'SANT', 18.48),
('2022-04-08 23:01:00', 'TELF', 5.54),
('2022-04-09 23:01:00', 'BBVA', 15.67),
('2022-04-09 23:01:00', 'CELL', 17.43),
('2022-04-09 23:01:00', 'FERRO', 15.81),
('2022-04-09 23:01:00', 'IBE', 10.65),
('2022-04-09 23:01:00', 'NAT', 8.53),
('2022-04-09 23:01:00', 'REP', 8.35),
('2022-04-09 23:01:00', 'SANT', 10.39),
('2022-04-09 23:01:00', 'TELF', 16.82),
('2022-04-10 23:01:00', 'BBVA', 14.35),
('2022-04-10 23:01:00', 'CELL', 19.51),
('2022-04-10 23:01:00', 'FERRO', 6.72),
('2022-04-10 23:01:00', 'IBE', 5.46),
('2022-04-10 23:01:00', 'NAT', 9.91),
('2022-04-10 23:01:00', 'REP', 19.53),
('2022-04-10 23:01:00', 'SANT', 17.46),
('2022-04-10 23:01:00', 'TELF', 11.25),
('2022-04-11 23:01:00', 'BBVA', 13.23),
('2022-04-11 23:01:00', 'CELL', 3.26),
('2022-04-11 23:01:00', 'FERRO', 13.01),
('2022-04-11 23:01:00', 'IBE', 11.83),
('2022-04-11 23:01:00', 'NAT', 17.9),
('2022-04-11 23:01:00', 'REP', 14.7),
('2022-04-11 23:01:00', 'SANT', 6.91),
('2022-04-11 23:01:00', 'TELF', 11.72),
('2022-04-12 23:01:00', 'BBVA', 10.25),
('2022-04-12 23:01:00', 'CELL', 14.84),
('2022-04-12 23:01:00', 'FERRO', 18.99),
('2022-04-12 23:01:00', 'IBE', 14.3),
('2022-04-12 23:01:00', 'NAT', 4.33),
('2022-04-12 23:01:00', 'REP', 16.5),
('2022-04-12 23:01:00', 'SANT', 17.08),
('2022-04-12 23:01:00', 'TELF', 12.99),
('2022-04-13 23:01:00', 'BBVA', 4.96),
('2022-04-13 23:01:00', 'CELL', 9.71),
('2022-04-13 23:01:00', 'FERRO', 9.85),
('2022-04-13 23:01:00', 'IBE', 0.56),
('2022-04-13 23:01:00', 'NAT', 19.01),
('2022-04-13 23:01:00', 'REP', 2.74),
('2022-04-13 23:01:00', 'SANT', 18.91),
('2022-04-13 23:01:00', 'TELF', 10.05),
('2022-04-14 23:01:00', 'BBVA', 2.41),
('2022-04-14 23:01:00', 'CELL', 4.12),
('2022-04-14 23:01:00', 'FERRO', 13.42),
('2022-04-14 23:01:00', 'IBE', 16.68),
('2022-04-14 23:01:00', 'NAT', 7.63),
('2022-04-14 23:01:00', 'REP', 14.63),
('2022-04-14 23:01:00', 'SANT', 8.31),
('2022-04-14 23:01:00', 'TELF', 4.1),
('2022-04-15 23:01:00', 'BBVA', 2.04),
('2022-04-15 23:01:00', 'CELL', 3.73),
('2022-04-15 23:01:00', 'FERRO', 10.87),
('2022-04-15 23:01:00', 'IBE', 19.89),
('2022-04-15 23:01:00', 'NAT', 5.21),
('2022-04-15 23:01:00', 'REP', 16.21),
('2022-04-15 23:01:00', 'SANT', 6.84),
('2022-04-15 23:01:00', 'TELF', 12.38),
('2022-04-16 23:01:00', 'BBVA', 0.24),
('2022-04-16 23:01:00', 'CELL', 0.03),
('2022-04-16 23:01:00', 'FERRO', 2.41),
('2022-04-16 23:01:00', 'IBE', 14.31),
('2022-04-16 23:01:00', 'NAT', 17.85),
('2022-04-16 23:01:00', 'REP', 2.21),
('2022-04-16 23:01:00', 'SANT', 4.51),
('2022-04-16 23:01:00', 'TELF', 8.94),
('2022-04-17 23:01:00', 'BBVA', 4.07),
('2022-04-17 23:01:00', 'CELL', 10.33),
('2022-04-17 23:01:00', 'FERRO', 17.51),
('2022-04-17 23:01:00', 'IBE', 5.66),
('2022-04-17 23:01:00', 'NAT', 16.84),
('2022-04-17 23:01:00', 'REP', 13.16),
('2022-04-17 23:01:00', 'SANT', 9.25),
('2022-04-17 23:01:00', 'TELF', 6.59),
('2022-04-18 23:01:00', 'BBVA', 0.69),
('2022-04-18 23:01:00', 'CELL', 15.84),
('2022-04-18 23:01:00', 'FERRO', 18.65),
('2022-04-18 23:01:00', 'IBE', 11.62),
('2022-04-18 23:01:00', 'NAT', 13.28),
('2022-04-18 23:01:00', 'REP', 12.96),
('2022-04-18 23:01:00', 'SANT', 15.7),
('2022-04-18 23:01:00', 'TELF', 18.05),
('2022-04-19 23:01:00', 'BBVA', 9.47),
('2022-04-19 23:01:00', 'CELL', 8.32),
('2022-04-19 23:01:00', 'FERRO', 4.57),
('2022-04-19 23:01:00', 'IBE', 14.61),
('2022-04-19 23:01:00', 'NAT', 11.42),
('2022-04-19 23:01:00', 'REP', 3.21),
('2022-04-19 23:01:00', 'SANT', 0.49),
('2022-04-19 23:01:00', 'TELF', 17.7),
('2022-04-20 23:01:00', 'BBVA', 13.04),
('2022-04-20 23:01:00', 'CELL', 17.84),
('2022-04-20 23:01:00', 'FERRO', 15.99),
('2022-04-20 23:01:00', 'IBE', 18.83),
('2022-04-20 23:01:00', 'NAT', 2.53),
('2022-04-20 23:01:00', 'REP', 14.55),
('2022-04-20 23:01:00', 'SANT', 0.82),
('2022-04-20 23:01:00', 'TELF', 1.9),
('2022-04-21 23:01:00', 'BBVA', 5.67),
('2022-04-21 23:01:00', 'CELL', 11.95),
('2022-04-21 23:01:00', 'FERRO', 19.52),
('2022-04-21 23:01:00', 'IBE', 16.25),
('2022-04-21 23:01:00', 'NAT', 1.4),
('2022-04-21 23:01:00', 'REP', 18.64),
('2022-04-21 23:01:00', 'SANT', 9.77),
('2022-04-21 23:01:00', 'TELF', 6.33),
('2022-04-22 23:01:00', 'BBVA', 16.03),
('2022-04-22 23:01:00', 'CELL', 2.19),
('2022-04-22 23:01:00', 'FERRO', 8.8),
('2022-04-22 23:01:00', 'IBE', 19.13),
('2022-04-22 23:01:00', 'NAT', 12.22),
('2022-04-22 23:01:00', 'REP', 6.1),
('2022-04-22 23:01:00', 'SANT', 15.7),
('2022-04-22 23:01:00', 'TELF', 17.53),
('2022-04-23 23:01:00', 'BBVA', 17.05),
('2022-04-23 23:01:00', 'CELL', 3.25),
('2022-04-23 23:01:00', 'FERRO', 0.56),
('2022-04-23 23:01:00', 'IBE', 4.87),
('2022-04-23 23:01:00', 'NAT', 2.6),
('2022-04-23 23:01:00', 'REP', 2.67),
('2022-04-23 23:01:00', 'SANT', 14.7),
('2022-04-23 23:01:00', 'TELF', 9.47),
('2022-04-24 23:01:00', 'BBVA', 19.11),
('2022-04-24 23:01:00', 'CELL', 15.14),
('2022-04-24 23:01:00', 'FERRO', 8.27),
('2022-04-24 23:01:00', 'IBE', 19.99),
('2022-04-24 23:01:00', 'NAT', 11.88),
('2022-04-24 23:01:00', 'REP', 14.74),
('2022-04-24 23:01:00', 'SANT', 2.87),
('2022-04-24 23:01:00', 'TELF', 2.87),
('2022-04-25 23:01:00', 'BBVA', 2.21),
('2022-04-25 23:01:00', 'CELL', 10.68),
('2022-04-25 23:01:00', 'FERRO', 19.11),
('2022-04-25 23:01:00', 'IBE', 12.6),
('2022-04-25 23:01:00', 'NAT', 16.29),
('2022-04-25 23:01:00', 'REP', 18.75),
('2022-04-25 23:01:00', 'SANT', 1.02),
('2022-04-25 23:01:00', 'TELF', 15),
('2022-04-26 23:01:00', 'BBVA', 15.88),
('2022-04-26 23:01:00', 'CELL', 16.29),
('2022-04-26 23:01:00', 'FERRO', 1.57),
('2022-04-26 23:01:00', 'IBE', 14.28),
('2022-04-26 23:01:00', 'NAT', 18.37),
('2022-04-26 23:01:00', 'REP', 1.72),
('2022-04-26 23:01:00', 'SANT', 14.85),
('2022-04-26 23:01:00', 'TELF', 6.78),
('2022-04-27 23:01:00', 'BBVA', 6.63),
('2022-04-27 23:01:00', 'CELL', 11.8),
('2022-04-27 23:01:00', 'FERRO', 5.52),
('2022-04-27 23:01:00', 'IBE', 0.5),
('2022-04-27 23:01:00', 'NAT', 12.56),
('2022-04-27 23:01:00', 'REP', 6.98),
('2022-04-27 23:01:00', 'SANT', 5.94),
('2022-04-27 23:01:00', 'TELF', 6.84),
('2022-04-28 23:01:00', 'BBVA', 18.29),
('2022-04-28 23:01:00', 'CELL', 15.39),
('2022-04-28 23:01:00', 'FERRO', 19.91),
('2022-04-28 23:01:00', 'IBE', 6.31),
('2022-04-28 23:01:00', 'NAT', 18.99),
('2022-04-28 23:01:00', 'REP', 7.02),
('2022-04-28 23:01:00', 'SANT', 8.4),
('2022-04-28 23:01:00', 'TELF', 5.3),
('2022-04-29 23:01:00', 'BBVA', 14.66),
('2022-04-29 23:01:00', 'CELL', 11.83),
('2022-04-29 23:01:00', 'FERRO', 2.1),
('2022-04-29 23:01:00', 'IBE', 5.08),
('2022-04-29 23:01:00', 'NAT', 12.75),
('2022-04-29 23:01:00', 'REP', 7.72),
('2022-04-29 23:01:00', 'SANT', 2.67),
('2022-04-29 23:01:00', 'TELF', 3.19),
('2022-04-30 23:01:00', 'BBVA', 2.73),
('2022-04-30 23:01:00', 'CELL', 14.89),
('2022-04-30 23:01:00', 'FERRO', 11.4),
('2022-04-30 23:01:00', 'IBE', 12.98),
('2022-04-30 23:01:00', 'NAT', 17.73),
('2022-04-30 23:01:00', 'REP', 1.98),
('2022-04-30 23:01:00', 'SANT', 16.13),
('2022-04-30 23:01:00', 'TELF', 13.56),
('2022-05-01 23:01:00', 'BBVA', 9.66),
('2022-05-01 23:01:00', 'CELL', 3.68),
('2022-05-01 23:01:00', 'FERRO', 5.51),
('2022-05-01 23:01:00', 'IBE', 13.5),
('2022-05-01 23:01:00', 'NAT', 3.38),
('2022-05-01 23:01:00', 'REP', 18.32),
('2022-05-01 23:01:00', 'SANT', 18.82),
('2022-05-01 23:01:00', 'TELF', 15.03),
('2022-05-02 23:01:00', 'BBVA', 0.49),
('2022-05-02 23:01:00', 'CELL', 10.01),
('2022-05-02 23:01:00', 'FERRO', 19.5),
('2022-05-02 23:01:00', 'IBE', 9.14),
('2022-05-02 23:01:00', 'NAT', 5.26),
('2022-05-02 23:01:00', 'REP', 10.34),
('2022-05-02 23:01:00', 'SANT', 9.89),
('2022-05-02 23:01:00', 'TELF', 7.83),
('2022-05-03 23:01:00', 'BBVA', 0.66),
('2022-05-03 23:01:00', 'CELL', 11.78),
('2022-05-03 23:01:00', 'FERRO', 0.28),
('2022-05-03 23:01:00', 'IBE', 18.65),
('2022-05-03 23:01:00', 'NAT', 2.19),
('2022-05-03 23:01:00', 'REP', 5.23),
('2022-05-03 23:01:00', 'SANT', 9.35),
('2022-05-03 23:01:00', 'TELF', 6.27),
('2022-05-04 23:01:00', 'BBVA', 5.27),
('2022-05-04 23:01:00', 'CELL', 10.87),
('2022-05-04 23:01:00', 'FERRO', 7.23),
('2022-05-04 23:01:00', 'IBE', 8.8),
('2022-05-04 23:01:00', 'NAT', 14.74),
('2022-05-04 23:01:00', 'REP', 6.75),
('2022-05-04 23:01:00', 'SANT', 19.84),
('2022-05-04 23:01:00', 'TELF', 15.26),
('2022-05-05 23:01:00', 'BBVA', 6.54),
('2022-05-05 23:01:00', 'CELL', 18.79),
('2022-05-05 23:01:00', 'FERRO', 13.3),
('2022-05-05 23:01:00', 'IBE', 11.87),
('2022-05-05 23:01:00', 'NAT', 16.12),
('2022-05-05 23:01:00', 'REP', 19.56),
('2022-05-05 23:01:00', 'SANT', 14.96),
('2022-05-05 23:01:00', 'TELF', 3.49),
('2022-05-06 23:01:00', 'BBVA', 9.13),
('2022-05-06 23:01:00', 'CELL', 10.17),
('2022-05-06 23:01:00', 'FERRO', 10.43),
('2022-05-06 23:01:00', 'IBE', 17.19),
('2022-05-06 23:01:00', 'NAT', 8.98),
('2022-05-06 23:01:00', 'REP', 7.61),
('2022-05-06 23:01:00', 'SANT', 1.72),
('2022-05-06 23:01:00', 'TELF', 16.36),
('2022-05-07 23:01:00', 'BBVA', 8.97),
('2022-05-07 23:01:00', 'CELL', 12.58),
('2022-05-07 23:01:00', 'FERRO', 16.03),
('2022-05-07 23:01:00', 'IBE', 2.79),
('2022-05-07 23:01:00', 'NAT', 6.32),
('2022-05-07 23:01:00', 'REP', 6.51),
('2022-05-07 23:01:00', 'SANT', 17.45),
('2022-05-07 23:01:00', 'TELF', 13.03),
('2022-05-08 23:01:00', 'BBVA', 16.11),
('2022-05-08 23:01:00', 'CELL', 6.93),
('2022-05-08 23:01:00', 'FERRO', 12.56),
('2022-05-08 23:01:00', 'IBE', 11.81),
('2022-05-08 23:01:00', 'NAT', 7.9),
('2022-05-08 23:01:00', 'REP', 3.46),
('2022-05-08 23:01:00', 'SANT', 1.45),
('2022-05-08 23:01:00', 'TELF', 15.87),
('2022-05-09 23:01:00', 'BBVA', 15.64),
('2022-05-09 23:01:00', 'CELL', 2.46),
('2022-05-09 23:01:00', 'FERRO', 7.32),
('2022-05-09 23:01:00', 'IBE', 8.38),
('2022-05-09 23:01:00', 'NAT', 6.27),
('2022-05-09 23:01:00', 'REP', 17.55),
('2022-05-09 23:01:00', 'SANT', 3.15),
('2022-05-09 23:01:00', 'TELF', 0.52),
('2022-05-10 23:01:00', 'BBVA', 9.16),
('2022-05-10 23:01:00', 'CELL', 1.45),
('2022-05-10 23:01:00', 'FERRO', 7.42),
('2022-05-10 23:01:00', 'IBE', 11.79),
('2022-05-10 23:01:00', 'NAT', 0.32),
('2022-05-10 23:01:00', 'REP', 9.62),
('2022-05-10 23:01:00', 'SANT', 16.16),
('2022-05-10 23:01:00', 'TELF', 1.47),
('2022-05-11 23:01:00', 'BBVA', 0.81),
('2022-05-11 23:01:00', 'CELL', 2.53),
('2022-05-11 23:01:00', 'FERRO', 9.59),
('2022-05-11 23:01:00', 'IBE', 5.7),
('2022-05-11 23:01:00', 'NAT', 2.9),
('2022-05-11 23:01:00', 'REP', 8.99),
('2022-05-11 23:01:00', 'SANT', 15.47),
('2022-05-11 23:01:00', 'TELF', 0.54),
('2022-05-12 23:01:00', 'BBVA', 8.07),
('2022-05-12 23:01:00', 'CELL', 19.82),
('2022-05-12 23:01:00', 'FERRO', 11.31),
('2022-05-12 23:01:00', 'IBE', 4.08),
('2022-05-12 23:01:00', 'NAT', 18.33),
('2022-05-12 23:01:00', 'REP', 18.92),
('2022-05-12 23:01:00', 'SANT', 17.34),
('2022-05-12 23:01:00', 'TELF', 9.8),
('2022-05-13 23:01:00', 'BBVA', 7.04),
('2022-05-13 23:01:00', 'CELL', 6.66),
('2022-05-13 23:01:00', 'FERRO', 1.68),
('2022-05-13 23:01:00', 'IBE', 7.36),
('2022-05-13 23:01:00', 'NAT', 7.12),
('2022-05-13 23:01:00', 'REP', 15.92),
('2022-05-13 23:01:00', 'SANT', 3.1),
('2022-05-13 23:01:00', 'TELF', 11.03),
('2022-05-14 23:01:00', 'BBVA', 2.83),
('2022-05-14 23:01:00', 'CELL', 0.21),
('2022-05-14 23:01:00', 'FERRO', 11.23),
('2022-05-14 23:01:00', 'IBE', 1.99),
('2022-05-14 23:01:00', 'NAT', 1.34),
('2022-05-14 23:01:00', 'REP', 5.72),
('2022-05-14 23:01:00', 'SANT', 1.15),
('2022-05-14 23:01:00', 'TELF', 8.99),
('2022-05-15 23:01:00', 'BBVA', 18.83),
('2022-05-15 23:01:00', 'CELL', 15.46),
('2022-05-15 23:01:00', 'FERRO', 17.89),
('2022-05-15 23:01:00', 'IBE', 3.83),
('2022-05-15 23:01:00', 'NAT', 17.64),
('2022-05-15 23:01:00', 'REP', 19.85),
('2022-05-15 23:01:00', 'SANT', 4.41),
('2022-05-15 23:01:00', 'TELF', 5.96),
('2022-05-16 23:01:00', 'BBVA', 4.72),
('2022-05-16 23:01:00', 'CELL', 8.01),
('2022-05-16 23:01:00', 'FERRO', 19.57),
('2022-05-16 23:01:00', 'IBE', 4.51),
('2022-05-16 23:01:00', 'NAT', 18.46),
('2022-05-16 23:01:00', 'REP', 2.38),
('2022-05-16 23:01:00', 'SANT', 10.71),
('2022-05-16 23:01:00', 'TELF', 12.75),
('2022-05-17 23:01:00', 'BBVA', 5.01),
('2022-05-17 23:01:00', 'CELL', 13.28),
('2022-05-17 23:01:00', 'FERRO', 3.69),
('2022-05-17 23:01:00', 'IBE', 19.8),
('2022-05-17 23:01:00', 'NAT', 14.83),
('2022-05-17 23:01:00', 'REP', 4.17),
('2022-05-17 23:01:00', 'SANT', 7.73),
('2022-05-17 23:01:00', 'TELF', 2.52),
('2022-05-18 23:01:00', 'BBVA', 19.48),
('2022-05-18 23:01:00', 'CELL', 6.52),
('2022-05-18 23:01:00', 'FERRO', 5.17),
('2022-05-18 23:01:00', 'IBE', 8.17),
('2022-05-18 23:01:00', 'NAT', 18.02),
('2022-05-18 23:01:00', 'REP', 6.69),
('2022-05-18 23:01:00', 'SANT', 19.09),
('2022-05-18 23:01:00', 'TELF', 0.98),
('2022-05-19 23:01:00', 'BBVA', 11.8),
('2022-05-19 23:01:00', 'CELL', 12.74),
('2022-05-19 23:01:00', 'FERRO', 1.42),
('2022-05-19 23:01:00', 'IBE', 14.22),
('2022-05-19 23:01:00', 'NAT', 15.46),
('2022-05-19 23:01:00', 'REP', 15.98),
('2022-05-19 23:01:00', 'SANT', 1.72),
('2022-05-19 23:01:00', 'TELF', 12.42),
('2022-05-20 23:01:00', 'BBVA', 1.69),
('2022-05-20 23:01:00', 'CELL', 11.75),
('2022-05-20 23:01:00', 'FERRO', 12.73),
('2022-05-20 23:01:00', 'IBE', 10.67),
('2022-05-20 23:01:00', 'NAT', 2.54),
('2022-05-20 23:01:00', 'REP', 4.31),
('2022-05-20 23:01:00', 'SANT', 2.22),
('2022-05-20 23:01:00', 'TELF', 3.53),
('2022-05-21 23:01:00', 'BBVA', 14.94),
('2022-05-21 23:01:00', 'CELL', 10.04),
('2022-05-21 23:01:00', 'FERRO', 5.32),
('2022-05-21 23:01:00', 'IBE', 10.05),
('2022-05-21 23:01:00', 'NAT', 3.44),
('2022-05-21 23:01:00', 'REP', 7.58),
('2022-05-21 23:01:00', 'SANT', 9.35),
('2022-05-21 23:01:00', 'TELF', 1.74),
('2022-05-22 23:01:00', 'BBVA', 4.94),
('2022-05-22 23:01:00', 'CELL', 12.22),
('2022-05-22 23:01:00', 'FERRO', 6.91),
('2022-05-22 23:01:00', 'IBE', 7.94),
('2022-05-22 23:01:00', 'NAT', 5.57),
('2022-05-22 23:01:00', 'REP', 8.97),
('2022-05-22 23:01:00', 'SANT', 11.07),
('2022-05-22 23:01:00', 'TELF', 17.56),
('2022-05-23 23:01:00', 'BBVA', 12.9),
('2022-05-23 23:01:00', 'CELL', 19.15),
('2022-05-23 23:01:00', 'FERRO', 12.69),
('2022-05-23 23:01:00', 'IBE', 5.25),
('2022-05-23 23:01:00', 'NAT', 1.42),
('2022-05-23 23:01:00', 'REP', 6.15),
('2022-05-23 23:01:00', 'SANT', 15.44),
('2022-05-23 23:01:00', 'TELF', 15.58),
('2022-05-24 23:01:00', 'BBVA', 0.71),
('2022-05-24 23:01:00', 'CELL', 19.15),
('2022-05-24 23:01:00', 'FERRO', 0.19),
('2022-05-24 23:01:00', 'IBE', 5.5),
('2022-05-24 23:01:00', 'NAT', 4.44),
('2022-05-24 23:01:00', 'REP', 18.49),
('2022-05-24 23:01:00', 'SANT', 14.92),
('2022-05-24 23:01:00', 'TELF', 9.1),
('2022-05-25 23:01:00', 'BBVA', 0.66),
('2022-05-25 23:01:00', 'CELL', 0.94),
('2022-05-25 23:01:00', 'FERRO', 12.28),
('2022-05-25 23:01:00', 'IBE', 16.12),
('2022-05-25 23:01:00', 'NAT', 7.55),
('2022-05-25 23:01:00', 'REP', 1.88),
('2022-05-25 23:01:00', 'SANT', 15.49),
('2022-05-25 23:01:00', 'TELF', 9.8),
('2022-05-26 23:01:00', 'BBVA', 6.82),
('2022-05-26 23:01:00', 'CELL', 11.47),
('2022-05-26 23:01:00', 'FERRO', 1.81),
('2022-05-26 23:01:00', 'IBE', 16.3),
('2022-05-26 23:01:00', 'NAT', 4.72),
('2022-05-26 23:01:00', 'REP', 1.69),
('2022-05-26 23:01:00', 'SANT', 9.66),
('2022-05-26 23:01:00', 'TELF', 6.15),
('2022-05-27 23:01:00', 'BBVA', 13.67),
('2022-05-27 23:01:00', 'CELL', 6.35),
('2022-05-27 23:01:00', 'FERRO', 18.38),
('2022-05-27 23:01:00', 'IBE', 13.07),
('2022-05-27 23:01:00', 'NAT', 2.04),
('2022-05-27 23:01:00', 'REP', 15.95),
('2022-05-27 23:01:00', 'SANT', 4.75),
('2022-05-27 23:01:00', 'TELF', 1.55),
('2022-05-28 23:01:00', 'BBVA', 16.61),
('2022-05-28 23:01:00', 'CELL', 5.82),
('2022-05-28 23:01:00', 'FERRO', 17.7),
('2022-05-28 23:01:00', 'IBE', 6.57),
('2022-05-28 23:01:00', 'NAT', 8.07),
('2022-05-28 23:01:00', 'REP', 4.94),
('2022-05-28 23:01:00', 'SANT', 3.01),
('2022-05-28 23:01:00', 'TELF', 9.74),
('2022-05-29 23:01:00', 'BBVA', 8.83),
('2022-05-29 23:01:00', 'CELL', 6.13),
('2022-05-29 23:01:00', 'FERRO', 5.11),
('2022-05-29 23:01:00', 'IBE', 17.67),
('2022-05-29 23:01:00', 'NAT', 4),
('2022-05-29 23:01:00', 'REP', 2.19),
('2022-05-29 23:01:00', 'SANT', 16.11),
('2022-05-29 23:01:00', 'TELF', 3.81),
('2022-05-30 23:01:00', 'BBVA', 1.26),
('2022-05-30 23:01:00', 'CELL', 1.68),
('2022-05-30 23:01:00', 'FERRO', 0.44),
('2022-05-30 23:01:00', 'IBE', 11.26),
('2022-05-30 23:01:00', 'NAT', 9.8),
('2022-05-30 23:01:00', 'REP', 12.26),
('2022-05-30 23:01:00', 'SANT', 9.16),
('2022-05-30 23:01:00', 'TELF', 16.6),
('2022-05-31 23:01:00', 'BBVA', 8.08),
('2022-05-31 23:01:00', 'CELL', 8.22),
('2022-05-31 23:01:00', 'FERRO', 17.53),
('2022-05-31 23:01:00', 'IBE', 19.9),
('2022-05-31 23:01:00', 'NAT', 18.75),
('2022-05-31 23:01:00', 'REP', 17.75),
('2022-05-31 23:01:00', 'SANT', 7.2),
('2022-05-31 23:01:00', 'TELF', 8.66),
('2022-06-01 23:01:00', 'BBVA', 1.57),
('2022-06-01 23:01:00', 'CELL', 12.27),
('2022-06-01 23:01:00', 'FERRO', 4.84),
('2022-06-01 23:01:00', 'IBE', 11.55),
('2022-06-01 23:01:00', 'NAT', 9.62),
('2022-06-01 23:01:00', 'REP', 10.88),
('2022-06-01 23:01:00', 'SANT', 11.49),
('2022-06-01 23:01:00', 'TELF', 14.49),
('2022-06-02 23:01:00', 'BBVA', 13.63),
('2022-06-02 23:01:00', 'CELL', 17.48),
('2022-06-02 23:01:00', 'FERRO', 14.94),
('2022-06-02 23:01:00', 'IBE', 13.78),
('2022-06-02 23:01:00', 'NAT', 9.38),
('2022-06-02 23:01:00', 'REP', 3.72),
('2022-06-02 23:01:00', 'SANT', 19.07),
('2022-06-02 23:01:00', 'TELF', 19.73),
('2022-06-03 23:01:00', 'BBVA', 14.49),
('2022-06-03 23:01:00', 'CELL', 11.23),
('2022-06-03 23:01:00', 'FERRO', 7.29),
('2022-06-03 23:01:00', 'IBE', 16.84),
('2022-06-03 23:01:00', 'NAT', 9.56),
('2022-06-03 23:01:00', 'REP', 11.84),
('2022-06-03 23:01:00', 'SANT', 14.19),
('2022-06-03 23:01:00', 'TELF', 4.1),
('2022-06-04 23:01:00', 'BBVA', 3.67),
('2022-06-04 23:01:00', 'CELL', 14.81),
('2022-06-04 23:01:00', 'FERRO', 14.94),
('2022-06-04 23:01:00', 'IBE', 6.65),
('2022-06-04 23:01:00', 'NAT', 14.24),
('2022-06-04 23:01:00', 'REP', 10.8),
('2022-06-04 23:01:00', 'SANT', 1.33),
('2022-06-04 23:01:00', 'TELF', 13.67),
('2022-06-05 23:01:00', 'BBVA', 17.38),
('2022-06-05 23:01:00', 'CELL', 19.72),
('2022-06-05 23:01:00', 'FERRO', 10.62),
('2022-06-05 23:01:00', 'IBE', 18.51),
('2022-06-05 23:01:00', 'NAT', 14.97),
('2022-06-05 23:01:00', 'REP', 4.55),
('2022-06-05 23:01:00', 'SANT', 14.04),
('2022-06-05 23:01:00', 'TELF', 18.59),
('2022-06-06 23:01:00', 'BBVA', 0.33),
('2022-06-06 23:01:00', 'CELL', 19.54),
('2022-06-06 23:01:00', 'FERRO', 13.26),
('2022-06-06 23:01:00', 'IBE', 7.33),
('2022-06-06 23:01:00', 'NAT', 14.6),
('2022-06-06 23:01:00', 'REP', 1.63),
('2022-06-06 23:01:00', 'SANT', 19.59),
('2022-06-06 23:01:00', 'TELF', 16.3),
('2022-06-07 23:01:00', 'BBVA', 5.92),
('2022-06-07 23:01:00', 'CELL', 5.7),
('2022-06-07 23:01:00', 'FERRO', 11.85),
('2022-06-07 23:01:00', 'IBE', 13.98),
('2022-06-07 23:01:00', 'NAT', 2.23),
('2022-06-07 23:01:00', 'REP', 6.18),
('2022-06-07 23:01:00', 'SANT', 6.83),
('2022-06-07 23:01:00', 'TELF', 7.85),
('2022-06-08 23:01:00', 'BBVA', 8.98),
('2022-06-08 23:01:00', 'CELL', 6.34),
('2022-06-08 23:01:00', 'FERRO', 0.35),
('2022-06-08 23:01:00', 'IBE', 14.9),
('2022-06-08 23:01:00', 'NAT', 0.52),
('2022-06-08 23:01:00', 'REP', 1.66),
('2022-06-08 23:01:00', 'SANT', 17.47),
('2022-06-08 23:01:00', 'TELF', 2.07),
('2022-06-09 23:01:00', 'BBVA', 1.04),
('2022-06-09 23:01:00', 'CELL', 4.11),
('2022-06-09 23:01:00', 'FERRO', 1.12),
('2022-06-09 23:01:00', 'IBE', 0.22),
('2022-06-09 23:01:00', 'NAT', 4.59),
('2022-06-09 23:01:00', 'REP', 8.7),
('2022-06-09 23:01:00', 'SANT', 17.9),
('2022-06-09 23:01:00', 'TELF', 17.32),
('2022-06-10 23:01:00', 'BBVA', 12.09),
('2022-06-10 23:01:00', 'CELL', 12.33),
('2022-06-10 23:01:00', 'FERRO', 1.59),
('2022-06-10 23:01:00', 'IBE', 12.62),
('2022-06-10 23:01:00', 'NAT', 6.17),
('2022-06-10 23:01:00', 'REP', 1.04),
('2022-06-10 23:01:00', 'SANT', 6.07),
('2022-06-10 23:01:00', 'TELF', 18.21),
('2022-06-11 23:01:00', 'BBVA', 5.68),
('2022-06-11 23:01:00', 'CELL', 0.82),
('2022-06-11 23:01:00', 'FERRO', 7.07),
('2022-06-11 23:01:00', 'IBE', 6.36),
('2022-06-11 23:01:00', 'NAT', 19.38),
('2022-06-11 23:01:00', 'REP', 6.75),
('2022-06-11 23:01:00', 'SANT', 9.58),
('2022-06-11 23:01:00', 'TELF', 10.42),
('2022-06-12 23:01:00', 'BBVA', 15.31),
('2022-06-12 23:01:00', 'CELL', 14.36),
('2022-06-12 23:01:00', 'FERRO', 2.65),
('2022-06-12 23:01:00', 'IBE', 3.54),
('2022-06-12 23:01:00', 'NAT', 4.33),
('2022-06-12 23:01:00', 'REP', 17.1),
('2022-06-12 23:01:00', 'SANT', 6.09),
('2022-06-12 23:01:00', 'TELF', 13.59),
('2022-06-13 23:01:00', 'BBVA', 1.53),
('2022-06-13 23:01:00', 'CELL', 18.91),
('2022-06-13 23:01:00', 'FERRO', 8.22),
('2022-06-13 23:01:00', 'IBE', 4.39),
('2022-06-13 23:01:00', 'NAT', 15.03),
('2022-06-13 23:01:00', 'REP', 1.35),
('2022-06-13 23:01:00', 'SANT', 6.18),
('2022-06-13 23:01:00', 'TELF', 17.15),
('2022-06-14 23:01:00', 'BBVA', 3.37),
('2022-06-14 23:01:00', 'CELL', 16.56),
('2022-06-14 23:01:00', 'FERRO', 10.98),
('2022-06-14 23:01:00', 'IBE', 11.88),
('2022-06-14 23:01:00', 'NAT', 6.81),
('2022-06-14 23:01:00', 'REP', 16.6),
('2022-06-14 23:01:00', 'SANT', 2.96),
('2022-06-14 23:01:00', 'TELF', 8.8),
('2022-06-15 23:01:00', 'BBVA', 5.85),
('2022-06-15 23:01:00', 'CELL', 17.57),
('2022-06-15 23:01:00', 'FERRO', 17.19),
('2022-06-15 23:01:00', 'IBE', 14.06),
('2022-06-15 23:01:00', 'NAT', 7.01),
('2022-06-15 23:01:00', 'REP', 6.72),
('2022-06-15 23:01:00', 'SANT', 8.69),
('2022-06-15 23:01:00', 'TELF', 5.8),
('2022-06-16 23:01:00', 'BBVA', 18.91),
('2022-06-16 23:01:00', 'CELL', 15.62),
('2022-06-16 23:01:00', 'FERRO', 6.11),
('2022-06-16 23:01:00', 'IBE', 17.79),
('2022-06-16 23:01:00', 'NAT', 3.78),
('2022-06-16 23:01:00', 'REP', 8.47),
('2022-06-16 23:01:00', 'SANT', 15.35),
('2022-06-16 23:01:00', 'TELF', 12.85),
('2022-06-17 23:01:00', 'BBVA', 2.84);
INSERT INTO `cotizacion` (`fecha`, `empresa`, `var`) VALUES
('2022-06-17 23:01:00', 'CELL', 8.52),
('2022-06-17 23:01:00', 'FERRO', 3.5),
('2022-06-17 23:01:00', 'IBE', 4.31),
('2022-06-17 23:01:00', 'NAT', 15.87),
('2022-06-17 23:01:00', 'REP', 13.39),
('2022-06-17 23:01:00', 'SANT', 7.15),
('2022-06-17 23:01:00', 'TELF', 13.6),
('2022-06-18 23:01:00', 'BBVA', 10.84),
('2022-06-18 23:01:00', 'CELL', 7.21),
('2022-06-18 23:01:00', 'FERRO', 19.43),
('2022-06-18 23:01:00', 'IBE', 6.8),
('2022-06-18 23:01:00', 'NAT', 3.39),
('2022-06-18 23:01:00', 'REP', 19.8),
('2022-06-18 23:01:00', 'SANT', 8.62),
('2022-06-18 23:01:00', 'TELF', 1.05),
('2022-06-19 23:01:00', 'BBVA', 13.41),
('2022-06-19 23:01:00', 'CELL', 6.75),
('2022-06-19 23:01:00', 'FERRO', 18.14),
('2022-06-19 23:01:00', 'IBE', 3.76),
('2022-06-19 23:01:00', 'NAT', 6.35),
('2022-06-19 23:01:00', 'REP', 13.96),
('2022-06-19 23:01:00', 'SANT', 0.36),
('2022-06-19 23:01:00', 'TELF', 19.74),
('2022-06-20 23:01:00', 'BBVA', 18.55),
('2022-06-20 23:01:00', 'CELL', 7.03),
('2022-06-20 23:01:00', 'FERRO', 16.66),
('2022-06-20 23:01:00', 'IBE', 13.41),
('2022-06-20 23:01:00', 'NAT', 12.89),
('2022-06-20 23:01:00', 'REP', 8.69),
('2022-06-20 23:01:00', 'SANT', 7.04),
('2022-06-20 23:01:00', 'TELF', 13.08),
('2022-06-21 23:01:00', 'BBVA', 13.13),
('2022-06-21 23:01:00', 'CELL', 3.48),
('2022-06-21 23:01:00', 'FERRO', 18.99),
('2022-06-21 23:01:00', 'IBE', 5.24),
('2022-06-21 23:01:00', 'NAT', 8.28),
('2022-06-21 23:01:00', 'REP', 4.98),
('2022-06-21 23:01:00', 'SANT', 14.04),
('2022-06-21 23:01:00', 'TELF', 16.57),
('2022-06-22 23:01:00', 'BBVA', 2.48),
('2022-06-22 23:01:00', 'CELL', 4.52),
('2022-06-22 23:01:00', 'FERRO', 13.41),
('2022-06-22 23:01:00', 'IBE', 5.28),
('2022-06-22 23:01:00', 'NAT', 17.25),
('2022-06-22 23:01:00', 'REP', 18.76),
('2022-06-22 23:01:00', 'SANT', 0.2),
('2022-06-22 23:01:00', 'TELF', 1.79),
('2022-06-23 23:01:00', 'BBVA', 18.54),
('2022-06-23 23:01:00', 'CELL', 9.91),
('2022-06-23 23:01:00', 'FERRO', 13.81),
('2022-06-23 23:01:00', 'IBE', 19.44),
('2022-06-23 23:01:00', 'NAT', 11.02),
('2022-06-23 23:01:00', 'REP', 5.61),
('2022-06-23 23:01:00', 'SANT', 14.29),
('2022-06-23 23:01:00', 'TELF', 6.61),
('2022-06-24 23:01:00', 'BBVA', 17.65),
('2022-06-24 23:01:00', 'CELL', 2.4),
('2022-06-24 23:01:00', 'FERRO', 19.99),
('2022-06-24 23:01:00', 'IBE', 12.8),
('2022-06-24 23:01:00', 'NAT', 9.77),
('2022-06-24 23:01:00', 'REP', 8.36),
('2022-06-24 23:01:00', 'SANT', 1.53),
('2022-06-24 23:01:00', 'TELF', 9.63),
('2022-06-25 23:01:00', 'BBVA', 9.08),
('2022-06-25 23:01:00', 'CELL', 5.07),
('2022-06-25 23:01:00', 'FERRO', 9.96),
('2022-06-25 23:01:00', 'IBE', 11.93),
('2022-06-25 23:01:00', 'NAT', 7.63),
('2022-06-25 23:01:00', 'REP', 1.75),
('2022-06-25 23:01:00', 'SANT', 1.6),
('2022-06-25 23:01:00', 'TELF', 5.41),
('2022-06-26 23:01:00', 'BBVA', 18.74),
('2022-06-26 23:01:00', 'CELL', 11.87),
('2022-06-26 23:01:00', 'FERRO', 13.77),
('2022-06-26 23:01:00', 'IBE', 1.52),
('2022-06-26 23:01:00', 'NAT', 14.73),
('2022-06-26 23:01:00', 'REP', 7.5),
('2022-06-26 23:01:00', 'SANT', 4.03),
('2022-06-26 23:01:00', 'TELF', 1.82),
('2022-06-27 23:01:00', 'BBVA', 18.02),
('2022-06-27 23:01:00', 'CELL', 3.95),
('2022-06-27 23:01:00', 'FERRO', 8.9),
('2022-06-27 23:01:00', 'IBE', 6.44),
('2022-06-27 23:01:00', 'NAT', 6.41),
('2022-06-27 23:01:00', 'REP', 10.52),
('2022-06-27 23:01:00', 'SANT', 3.56),
('2022-06-27 23:01:00', 'TELF', 16.39),
('2022-06-28 23:01:00', 'BBVA', 14.6),
('2022-06-28 23:01:00', 'CELL', 7.57),
('2022-06-28 23:01:00', 'FERRO', 17.69),
('2022-06-28 23:01:00', 'IBE', 6.03),
('2022-06-28 23:01:00', 'NAT', 6.9),
('2022-06-28 23:01:00', 'REP', 5.04),
('2022-06-28 23:01:00', 'SANT', 10.89),
('2022-06-28 23:01:00', 'TELF', 2.21),
('2022-06-29 23:01:00', 'BBVA', 5.33),
('2022-06-29 23:01:00', 'CELL', 5.54),
('2022-06-29 23:01:00', 'FERRO', 6.21),
('2022-06-29 23:01:00', 'IBE', 19.82),
('2022-06-29 23:01:00', 'NAT', 19.89),
('2022-06-29 23:01:00', 'REP', 18.17),
('2022-06-29 23:01:00', 'SANT', 15.43),
('2022-06-29 23:01:00', 'TELF', 19.87),
('2022-06-30 23:01:00', 'BBVA', 4.01),
('2022-06-30 23:01:00', 'CELL', 4.08),
('2022-06-30 23:01:00', 'FERRO', 10.79),
('2022-06-30 23:01:00', 'IBE', 0.79),
('2022-06-30 23:01:00', 'NAT', 8.31),
('2022-06-30 23:01:00', 'REP', 12.04),
('2022-06-30 23:01:00', 'SANT', 3.5),
('2022-06-30 23:01:00', 'TELF', 17.31),
('2022-07-01 23:01:00', 'BBVA', 17.93),
('2022-07-01 23:01:00', 'CELL', 8.43),
('2022-07-01 23:01:00', 'FERRO', 4.64),
('2022-07-01 23:01:00', 'IBE', 10.93),
('2022-07-01 23:01:00', 'NAT', 15.57),
('2022-07-01 23:01:00', 'REP', 0.4),
('2022-07-01 23:01:00', 'SANT', 0.92),
('2022-07-01 23:01:00', 'TELF', 9.44),
('2022-07-02 23:01:00', 'BBVA', 8.77),
('2022-07-02 23:01:00', 'CELL', 11),
('2022-07-02 23:01:00', 'FERRO', 6.06),
('2022-07-02 23:01:00', 'IBE', 12.78),
('2022-07-02 23:01:00', 'NAT', 12.18),
('2022-07-02 23:01:00', 'REP', 18.45),
('2022-07-02 23:01:00', 'SANT', 15.55),
('2022-07-02 23:01:00', 'TELF', 7.15),
('2022-07-03 23:01:00', 'BBVA', 7.1),
('2022-07-03 23:01:00', 'CELL', 3.39),
('2022-07-03 23:01:00', 'FERRO', 15.16),
('2022-07-03 23:01:00', 'IBE', 2.23),
('2022-07-03 23:01:00', 'NAT', 4.04),
('2022-07-03 23:01:00', 'REP', 14.87),
('2022-07-03 23:01:00', 'SANT', 5.06),
('2022-07-03 23:01:00', 'TELF', 0.15),
('2022-07-04 23:01:00', 'BBVA', 11.62),
('2022-07-04 23:01:00', 'CELL', 1.67),
('2022-07-04 23:01:00', 'FERRO', 13.4),
('2022-07-04 23:01:00', 'IBE', 2.88),
('2022-07-04 23:01:00', 'NAT', 8.96),
('2022-07-04 23:01:00', 'REP', 13.52),
('2022-07-04 23:01:00', 'SANT', 0.15),
('2022-07-04 23:01:00', 'TELF', 16.94),
('2022-07-05 23:01:00', 'BBVA', 0.89),
('2022-07-05 23:01:00', 'CELL', 8.01),
('2022-07-05 23:01:00', 'FERRO', 10.29),
('2022-07-05 23:01:00', 'IBE', 13.82),
('2022-07-05 23:01:00', 'NAT', 0.83),
('2022-07-05 23:01:00', 'REP', 15.99),
('2022-07-05 23:01:00', 'SANT', 17.09),
('2022-07-05 23:01:00', 'TELF', 8.8),
('2022-07-06 23:01:00', 'BBVA', 12.1),
('2022-07-06 23:01:00', 'CELL', 16.13),
('2022-07-06 23:01:00', 'FERRO', 9.09),
('2022-07-06 23:01:00', 'IBE', 15.51),
('2022-07-06 23:01:00', 'NAT', 10.16),
('2022-07-06 23:01:00', 'REP', 0.68),
('2022-07-06 23:01:00', 'SANT', 0.14),
('2022-07-06 23:01:00', 'TELF', 2.6),
('2022-07-07 23:01:00', 'BBVA', 10.41),
('2022-07-07 23:01:00', 'CELL', 13.85),
('2022-07-07 23:01:00', 'FERRO', 4.95),
('2022-07-07 23:01:00', 'IBE', 6.07),
('2022-07-07 23:01:00', 'NAT', 13.16),
('2022-07-07 23:01:00', 'REP', 9.19),
('2022-07-07 23:01:00', 'SANT', 5.82),
('2022-07-07 23:01:00', 'TELF', 5.36),
('2022-07-08 23:01:00', 'BBVA', 0.35),
('2022-07-08 23:01:00', 'CELL', 8.54),
('2022-07-08 23:01:00', 'FERRO', 19.92),
('2022-07-08 23:01:00', 'IBE', 17.96),
('2022-07-08 23:01:00', 'NAT', 15.13),
('2022-07-08 23:01:00', 'REP', 15.19),
('2022-07-08 23:01:00', 'SANT', 6.2),
('2022-07-08 23:01:00', 'TELF', 11.31),
('2022-07-09 23:01:00', 'BBVA', 15.65),
('2022-07-09 23:01:00', 'CELL', 9.3),
('2022-07-09 23:01:00', 'FERRO', 18.37),
('2022-07-09 23:01:00', 'IBE', 8.68),
('2022-07-09 23:01:00', 'NAT', 8.63),
('2022-07-09 23:01:00', 'REP', 14.48),
('2022-07-09 23:01:00', 'SANT', 8.71),
('2022-07-09 23:01:00', 'TELF', 2.52),
('2022-07-10 23:01:00', 'BBVA', 8.79),
('2022-07-10 23:01:00', 'CELL', 19.37),
('2022-07-10 23:01:00', 'FERRO', 17.96),
('2022-07-10 23:01:00', 'IBE', 18.76),
('2022-07-10 23:01:00', 'NAT', 6.51),
('2022-07-10 23:01:00', 'REP', 19.78),
('2022-07-10 23:01:00', 'SANT', 4.57),
('2022-07-10 23:01:00', 'TELF', 14.59),
('2022-07-11 23:01:00', 'BBVA', 2.9),
('2022-07-11 23:01:00', 'CELL', 7.12),
('2022-07-11 23:01:00', 'FERRO', 18.79),
('2022-07-11 23:01:00', 'IBE', 6.27),
('2022-07-11 23:01:00', 'NAT', 9.48),
('2022-07-11 23:01:00', 'REP', 10.39),
('2022-07-11 23:01:00', 'SANT', 3.83),
('2022-07-11 23:01:00', 'TELF', 13.23),
('2022-07-12 23:01:00', 'BBVA', 11.54),
('2022-07-12 23:01:00', 'CELL', 19.6),
('2022-07-12 23:01:00', 'FERRO', 19.14),
('2022-07-12 23:01:00', 'IBE', 5.43),
('2022-07-12 23:01:00', 'NAT', 10.9),
('2022-07-12 23:01:00', 'REP', 2.96),
('2022-07-12 23:01:00', 'SANT', 13.2),
('2022-07-12 23:01:00', 'TELF', 5),
('2022-07-13 23:01:00', 'BBVA', 6.95),
('2022-07-13 23:01:00', 'CELL', 14.72),
('2022-07-13 23:01:00', 'FERRO', 15.04),
('2022-07-13 23:01:00', 'IBE', 8.76),
('2022-07-13 23:01:00', 'NAT', 3.27),
('2022-07-13 23:01:00', 'REP', 8.11),
('2022-07-13 23:01:00', 'SANT', 7.41),
('2022-07-13 23:01:00', 'TELF', 13.93),
('2022-07-14 23:01:00', 'BBVA', 11.05),
('2022-07-14 23:01:00', 'CELL', 19.58),
('2022-07-14 23:01:00', 'FERRO', 13.57),
('2022-07-14 23:01:00', 'IBE', 14.38),
('2022-07-14 23:01:00', 'NAT', 18.55),
('2022-07-14 23:01:00', 'REP', 17.94),
('2022-07-14 23:01:00', 'SANT', 12.07),
('2022-07-14 23:01:00', 'TELF', 0.54),
('2022-07-15 23:01:00', 'BBVA', 7.93),
('2022-07-15 23:01:00', 'CELL', 18.12),
('2022-07-15 23:01:00', 'FERRO', 10.62),
('2022-07-15 23:01:00', 'IBE', 16.78),
('2022-07-15 23:01:00', 'NAT', 19.84),
('2022-07-15 23:01:00', 'REP', 4.57),
('2022-07-15 23:01:00', 'SANT', 16.54),
('2022-07-15 23:01:00', 'TELF', 1.52),
('2022-07-16 23:01:00', 'BBVA', 1.38),
('2022-07-16 23:01:00', 'CELL', 11.36),
('2022-07-16 23:01:00', 'FERRO', 15.07),
('2022-07-16 23:01:00', 'IBE', 11.6),
('2022-07-16 23:01:00', 'NAT', 17.19),
('2022-07-16 23:01:00', 'REP', 2.55),
('2022-07-16 23:01:00', 'SANT', 4.73),
('2022-07-16 23:01:00', 'TELF', 14.69),
('2022-07-17 23:01:00', 'BBVA', 17.6),
('2022-07-17 23:01:00', 'CELL', 9.64),
('2022-07-17 23:01:00', 'FERRO', 8.74),
('2022-07-17 23:01:00', 'IBE', 7.58),
('2022-07-17 23:01:00', 'NAT', 16.75),
('2022-07-17 23:01:00', 'REP', 2.78),
('2022-07-17 23:01:00', 'SANT', 3.12),
('2022-07-17 23:01:00', 'TELF', 19.7),
('2022-07-18 23:01:00', 'BBVA', 13.13),
('2022-07-18 23:01:00', 'CELL', 8.37),
('2022-07-18 23:01:00', 'FERRO', 7.76),
('2022-07-18 23:01:00', 'IBE', 9.7),
('2022-07-18 23:01:00', 'NAT', 2.43),
('2022-07-18 23:01:00', 'REP', 16.69),
('2022-07-18 23:01:00', 'SANT', 2),
('2022-07-18 23:01:00', 'TELF', 2.06),
('2022-07-19 23:01:00', 'BBVA', 12.2),
('2022-07-19 23:01:00', 'CELL', 16.96),
('2022-07-19 23:01:00', 'FERRO', 0.95),
('2022-07-19 23:01:00', 'IBE', 19.05),
('2022-07-19 23:01:00', 'NAT', 5.13),
('2022-07-19 23:01:00', 'REP', 1.91),
('2022-07-19 23:01:00', 'SANT', 0.07),
('2022-07-19 23:01:00', 'TELF', 7.46),
('2022-07-20 23:01:00', 'BBVA', 5.52),
('2022-07-20 23:01:00', 'CELL', 14.42),
('2022-07-20 23:01:00', 'FERRO', 19.6),
('2022-07-20 23:01:00', 'IBE', 14.26),
('2022-07-20 23:01:00', 'NAT', 0.89),
('2022-07-20 23:01:00', 'REP', 12.47),
('2022-07-20 23:01:00', 'SANT', 3.03),
('2022-07-20 23:01:00', 'TELF', 8.15),
('2022-07-21 23:01:00', 'BBVA', 17.61),
('2022-07-21 23:01:00', 'CELL', 5.26),
('2022-07-21 23:01:00', 'FERRO', 5.72),
('2022-07-21 23:01:00', 'IBE', 17.33),
('2022-07-21 23:01:00', 'NAT', 9.78),
('2022-07-21 23:01:00', 'REP', 1.11),
('2022-07-21 23:01:00', 'SANT', 18.47),
('2022-07-21 23:01:00', 'TELF', 18.53),
('2022-07-22 23:01:00', 'BBVA', 14.44),
('2022-07-22 23:01:00', 'CELL', 1.18),
('2022-07-22 23:01:00', 'FERRO', 12.74),
('2022-07-22 23:01:00', 'IBE', 17.96),
('2022-07-22 23:01:00', 'NAT', 1.2),
('2022-07-22 23:01:00', 'REP', 7.9),
('2022-07-22 23:01:00', 'SANT', 19.13),
('2022-07-22 23:01:00', 'TELF', 0.05),
('2022-07-23 23:01:00', 'BBVA', 17.14),
('2022-07-23 23:01:00', 'CELL', 8.7),
('2022-07-23 23:01:00', 'FERRO', 1.21),
('2022-07-23 23:01:00', 'IBE', 14.33),
('2022-07-23 23:01:00', 'NAT', 15.5),
('2022-07-23 23:01:00', 'REP', 8.03),
('2022-07-23 23:01:00', 'SANT', 11.31),
('2022-07-23 23:01:00', 'TELF', 16.66),
('2022-07-24 23:01:00', 'BBVA', 3.7),
('2022-07-24 23:01:00', 'CELL', 10.06),
('2022-07-24 23:01:00', 'FERRO', 18.39),
('2022-07-24 23:01:00', 'IBE', 9.71),
('2022-07-24 23:01:00', 'NAT', 1.56),
('2022-07-24 23:01:00', 'REP', 11.73),
('2022-07-24 23:01:00', 'SANT', 8.46),
('2022-07-24 23:01:00', 'TELF', 17.93),
('2022-07-25 23:01:00', 'BBVA', 3.62),
('2022-07-25 23:01:00', 'CELL', 12.13),
('2022-07-25 23:01:00', 'FERRO', 10.42),
('2022-07-25 23:01:00', 'IBE', 0.61),
('2022-07-25 23:01:00', 'NAT', 6.75),
('2022-07-25 23:01:00', 'REP', 7.42),
('2022-07-25 23:01:00', 'SANT', 6.15),
('2022-07-25 23:01:00', 'TELF', 15.53),
('2022-07-26 23:01:00', 'BBVA', 13.28),
('2022-07-26 23:01:00', 'CELL', 10.71),
('2022-07-26 23:01:00', 'FERRO', 17.81),
('2022-07-26 23:01:00', 'IBE', 6.59),
('2022-07-26 23:01:00', 'NAT', 9.15),
('2022-07-26 23:01:00', 'REP', 2.15),
('2022-07-26 23:01:00', 'SANT', 2.2),
('2022-07-26 23:01:00', 'TELF', 19.5),
('2022-07-27 23:01:00', 'BBVA', 4.85),
('2022-07-27 23:01:00', 'CELL', 3.09),
('2022-07-27 23:01:00', 'FERRO', 7.34),
('2022-07-27 23:01:00', 'IBE', 7.02),
('2022-07-27 23:01:00', 'NAT', 12.87),
('2022-07-27 23:01:00', 'REP', 1.65),
('2022-07-27 23:01:00', 'SANT', 11.9),
('2022-07-27 23:01:00', 'TELF', 15.06),
('2022-07-28 23:01:00', 'BBVA', 0.5),
('2022-07-28 23:01:00', 'CELL', 13.28),
('2022-07-28 23:01:00', 'FERRO', 0.08),
('2022-07-28 23:01:00', 'IBE', 8.31),
('2022-07-28 23:01:00', 'NAT', 1.39),
('2022-07-28 23:01:00', 'REP', 11.42),
('2022-07-28 23:01:00', 'SANT', 12.85),
('2022-07-28 23:01:00', 'TELF', 1.6),
('2022-07-29 23:01:00', 'BBVA', 13.64),
('2022-07-29 23:01:00', 'CELL', 10.14),
('2022-07-29 23:01:00', 'FERRO', 15.44),
('2022-07-29 23:01:00', 'IBE', 5.99),
('2022-07-29 23:01:00', 'NAT', 16.86),
('2022-07-29 23:01:00', 'REP', 0.51),
('2022-07-29 23:01:00', 'SANT', 8.87),
('2022-07-29 23:01:00', 'TELF', 15.16),
('2022-07-30 23:01:00', 'BBVA', 16.84),
('2022-07-30 23:01:00', 'CELL', 15.5),
('2022-07-30 23:01:00', 'FERRO', 12.02),
('2022-07-30 23:01:00', 'IBE', 14.49),
('2022-07-30 23:01:00', 'NAT', 14.87),
('2022-07-30 23:01:00', 'REP', 9.09),
('2022-07-30 23:01:00', 'SANT', 1.16),
('2022-07-30 23:01:00', 'TELF', 11.53),
('2022-07-31 23:01:00', 'BBVA', 10.38),
('2022-07-31 23:01:00', 'CELL', 5.31),
('2022-07-31 23:01:00', 'FERRO', 11.2),
('2022-07-31 23:01:00', 'IBE', 11.05),
('2022-07-31 23:01:00', 'NAT', 19.07),
('2022-07-31 23:01:00', 'REP', 10.95),
('2022-07-31 23:01:00', 'SANT', 19.54),
('2022-07-31 23:01:00', 'TELF', 10.82),
('2022-08-01 23:01:00', 'BBVA', 14.61),
('2022-08-01 23:01:00', 'CELL', 13.14),
('2022-08-01 23:01:00', 'FERRO', 16.43),
('2022-08-01 23:01:00', 'IBE', 17.11),
('2022-08-01 23:01:00', 'NAT', 8.5),
('2022-08-01 23:01:00', 'REP', 19.89),
('2022-08-01 23:01:00', 'SANT', 5.17),
('2022-08-01 23:01:00', 'TELF', 17.43),
('2022-08-02 23:01:00', 'BBVA', 15.04),
('2022-08-02 23:01:00', 'CELL', 9.56),
('2022-08-02 23:01:00', 'FERRO', 12.6),
('2022-08-02 23:01:00', 'IBE', 3.6),
('2022-08-02 23:01:00', 'NAT', 11.99),
('2022-08-02 23:01:00', 'REP', 0.47),
('2022-08-02 23:01:00', 'SANT', 0.65),
('2022-08-02 23:01:00', 'TELF', 19.67),
('2022-08-03 23:01:00', 'BBVA', 9.75),
('2022-08-03 23:01:00', 'CELL', 6.23),
('2022-08-03 23:01:00', 'FERRO', 6.56),
('2022-08-03 23:01:00', 'IBE', 12.68),
('2022-08-03 23:01:00', 'NAT', 0.72),
('2022-08-03 23:01:00', 'REP', 3.2),
('2022-08-03 23:01:00', 'SANT', 17.39),
('2022-08-03 23:01:00', 'TELF', 10.29),
('2022-08-04 23:01:00', 'BBVA', 18.79),
('2022-08-04 23:01:00', 'CELL', 12.81),
('2022-08-04 23:01:00', 'FERRO', 6.75),
('2022-08-04 23:01:00', 'IBE', 11.8),
('2022-08-04 23:01:00', 'NAT', 19.27),
('2022-08-04 23:01:00', 'REP', 12.86),
('2022-08-04 23:01:00', 'SANT', 10.86),
('2022-08-04 23:01:00', 'TELF', 5.2),
('2022-08-05 23:01:00', 'BBVA', 3.26),
('2022-08-05 23:01:00', 'CELL', 18.95),
('2022-08-05 23:01:00', 'FERRO', 7.3),
('2022-08-05 23:01:00', 'IBE', 2.12),
('2022-08-05 23:01:00', 'NAT', 11.78),
('2022-08-05 23:01:00', 'REP', 5.79),
('2022-08-05 23:01:00', 'SANT', 6.83),
('2022-08-05 23:01:00', 'TELF', 8.06),
('2022-08-06 23:01:00', 'BBVA', 10.43),
('2022-08-06 23:01:00', 'CELL', 19.91),
('2022-08-06 23:01:00', 'FERRO', 15.64),
('2022-08-06 23:01:00', 'IBE', 6.12),
('2022-08-06 23:01:00', 'NAT', 16.31),
('2022-08-06 23:01:00', 'REP', 14.91),
('2022-08-06 23:01:00', 'SANT', 17.5),
('2022-08-06 23:01:00', 'TELF', 5.42),
('2022-08-07 23:01:00', 'BBVA', 5.62),
('2022-08-07 23:01:00', 'CELL', 11.63),
('2022-08-07 23:01:00', 'FERRO', 0.8),
('2022-08-07 23:01:00', 'IBE', 12.88),
('2022-08-07 23:01:00', 'NAT', 4.03),
('2022-08-07 23:01:00', 'REP', 9.7),
('2022-08-07 23:01:00', 'SANT', 5.22),
('2022-08-07 23:01:00', 'TELF', 10),
('2022-08-08 23:01:00', 'BBVA', 10.61),
('2022-08-08 23:01:00', 'CELL', 4.44),
('2022-08-08 23:01:00', 'FERRO', 12.85),
('2022-08-08 23:01:00', 'IBE', 0.59),
('2022-08-08 23:01:00', 'NAT', 11.68),
('2022-08-08 23:01:00', 'REP', 10.08),
('2022-08-08 23:01:00', 'SANT', 7.92),
('2022-08-08 23:01:00', 'TELF', 16.65),
('2022-08-09 23:01:00', 'BBVA', 7.68),
('2022-08-09 23:01:00', 'CELL', 8.77),
('2022-08-09 23:01:00', 'FERRO', 15.53),
('2022-08-09 23:01:00', 'IBE', 18.21),
('2022-08-09 23:01:00', 'NAT', 3.89),
('2022-08-09 23:01:00', 'REP', 11.64),
('2022-08-09 23:01:00', 'SANT', 11.49),
('2022-08-09 23:01:00', 'TELF', 6.11),
('2022-08-10 23:01:00', 'BBVA', 1.97),
('2022-08-10 23:01:00', 'CELL', 0.92),
('2022-08-10 23:01:00', 'FERRO', 9.3),
('2022-08-10 23:01:00', 'IBE', 10.05),
('2022-08-10 23:01:00', 'NAT', 14.9),
('2022-08-10 23:01:00', 'REP', 17.66),
('2022-08-10 23:01:00', 'SANT', 5.86),
('2022-08-10 23:01:00', 'TELF', 6.12),
('2022-08-11 23:01:00', 'BBVA', 5.67),
('2022-08-11 23:01:00', 'CELL', 12.25),
('2022-08-11 23:01:00', 'FERRO', 6.2),
('2022-08-11 23:01:00', 'IBE', 9.73),
('2022-08-11 23:01:00', 'NAT', 16.25),
('2022-08-11 23:01:00', 'REP', 1.26),
('2022-08-11 23:01:00', 'SANT', 3.46),
('2022-08-11 23:01:00', 'TELF', 15.02),
('2022-08-12 23:01:00', 'BBVA', 9.25),
('2022-08-12 23:01:00', 'CELL', 2.4),
('2022-08-12 23:01:00', 'FERRO', 4.54),
('2022-08-12 23:01:00', 'IBE', 1.73),
('2022-08-12 23:01:00', 'NAT', 0.7),
('2022-08-12 23:01:00', 'REP', 17.55),
('2022-08-12 23:01:00', 'SANT', 0.46),
('2022-08-12 23:01:00', 'TELF', 6.2),
('2022-08-13 23:01:00', 'BBVA', 6.83),
('2022-08-13 23:01:00', 'CELL', 18.97),
('2022-08-13 23:01:00', 'FERRO', 2.22),
('2022-08-13 23:01:00', 'IBE', 6.6),
('2022-08-13 23:01:00', 'NAT', 17.22),
('2022-08-13 23:01:00', 'REP', 7.04),
('2022-08-13 23:01:00', 'SANT', 18.35),
('2022-08-13 23:01:00', 'TELF', 18.98),
('2022-08-14 23:01:00', 'BBVA', 16.77),
('2022-08-14 23:01:00', 'CELL', 0.7),
('2022-08-14 23:01:00', 'FERRO', 14.85),
('2022-08-14 23:01:00', 'IBE', 1.45),
('2022-08-14 23:01:00', 'NAT', 18.45),
('2022-08-14 23:01:00', 'REP', 17.74),
('2022-08-14 23:01:00', 'SANT', 8.79),
('2022-08-14 23:01:00', 'TELF', 12.09),
('2022-08-15 23:01:00', 'BBVA', 16.29),
('2022-08-15 23:01:00', 'CELL', 9.99),
('2022-08-15 23:01:00', 'FERRO', 5.05),
('2022-08-15 23:01:00', 'IBE', 7.06),
('2022-08-15 23:01:00', 'NAT', 13.03),
('2022-08-15 23:01:00', 'REP', 15.69),
('2022-08-15 23:01:00', 'SANT', 12.05),
('2022-08-15 23:01:00', 'TELF', 6.42),
('2022-08-16 23:01:00', 'BBVA', 15.75),
('2022-08-16 23:01:00', 'CELL', 4.44),
('2022-08-16 23:01:00', 'FERRO', 11.92),
('2022-08-16 23:01:00', 'IBE', 17.17),
('2022-08-16 23:01:00', 'NAT', 16.7),
('2022-08-16 23:01:00', 'REP', 13.02),
('2022-08-16 23:01:00', 'SANT', 9.8),
('2022-08-16 23:01:00', 'TELF', 3.39),
('2022-08-17 23:01:00', 'BBVA', 15.17),
('2022-08-17 23:01:00', 'CELL', 8.34),
('2022-08-17 23:01:00', 'FERRO', 14.37),
('2022-08-17 23:01:00', 'IBE', 11.18),
('2022-08-17 23:01:00', 'NAT', 14.3),
('2022-08-17 23:01:00', 'REP', 1.44),
('2022-08-17 23:01:00', 'SANT', 13.83),
('2022-08-17 23:01:00', 'TELF', 9.87),
('2022-08-18 23:01:00', 'BBVA', 1.12),
('2022-08-18 23:01:00', 'CELL', 7.6),
('2022-08-18 23:01:00', 'FERRO', 1.06),
('2022-08-18 23:01:00', 'IBE', 3.58),
('2022-08-18 23:01:00', 'NAT', 6.75),
('2022-08-18 23:01:00', 'REP', 5.01),
('2022-08-18 23:01:00', 'SANT', 18.55),
('2022-08-18 23:01:00', 'TELF', 3.83),
('2022-08-19 23:01:00', 'BBVA', 5.9),
('2022-08-19 23:01:00', 'CELL', 16.47),
('2022-08-19 23:01:00', 'FERRO', 16.03),
('2022-08-19 23:01:00', 'IBE', 7.98),
('2022-08-19 23:01:00', 'NAT', 1.78),
('2022-08-19 23:01:00', 'REP', 6.22),
('2022-08-19 23:01:00', 'SANT', 19.58),
('2022-08-19 23:01:00', 'TELF', 12.2),
('2022-08-20 23:01:00', 'BBVA', 7.66),
('2022-08-20 23:01:00', 'CELL', 8.11),
('2022-08-20 23:01:00', 'FERRO', 15.38),
('2022-08-20 23:01:00', 'IBE', 2.83),
('2022-08-20 23:01:00', 'NAT', 1.21),
('2022-08-20 23:01:00', 'REP', 14.68),
('2022-08-20 23:01:00', 'SANT', 18.52),
('2022-08-20 23:01:00', 'TELF', 8.53),
('2022-08-21 23:01:00', 'BBVA', 2.89),
('2022-08-21 23:01:00', 'CELL', 2.68),
('2022-08-21 23:01:00', 'FERRO', 1.1),
('2022-08-21 23:01:00', 'IBE', 10.84),
('2022-08-21 23:01:00', 'NAT', 14.57),
('2022-08-21 23:01:00', 'REP', 13.94),
('2022-08-21 23:01:00', 'SANT', 5.2),
('2022-08-21 23:01:00', 'TELF', 15.28),
('2022-08-22 23:01:00', 'BBVA', 19.72),
('2022-08-22 23:01:00', 'CELL', 19.54),
('2022-08-22 23:01:00', 'FERRO', 18.38),
('2022-08-22 23:01:00', 'IBE', 8.96),
('2022-08-22 23:01:00', 'NAT', 5.68),
('2022-08-22 23:01:00', 'REP', 3.98),
('2022-08-22 23:01:00', 'SANT', 12.15),
('2022-08-22 23:01:00', 'TELF', 7.4),
('2022-08-23 23:01:00', 'BBVA', 7.89),
('2022-08-23 23:01:00', 'CELL', 19.25),
('2022-08-23 23:01:00', 'FERRO', 8.41),
('2022-08-23 23:01:00', 'IBE', 6.63),
('2022-08-23 23:01:00', 'NAT', 0.41),
('2022-08-23 23:01:00', 'REP', 11.83),
('2022-08-23 23:01:00', 'SANT', 15.1),
('2022-08-23 23:01:00', 'TELF', 12.75),
('2022-08-24 23:01:00', 'BBVA', 14.28),
('2022-08-24 23:01:00', 'CELL', 1.87),
('2022-08-24 23:01:00', 'FERRO', 4.75),
('2022-08-24 23:01:00', 'IBE', 14.6),
('2022-08-24 23:01:00', 'NAT', 5.28),
('2022-08-24 23:01:00', 'REP', 4.62),
('2022-08-24 23:01:00', 'SANT', 19.93),
('2022-08-24 23:01:00', 'TELF', 3.28),
('2022-08-25 23:01:00', 'BBVA', 8.52),
('2022-08-25 23:01:00', 'CELL', 15.47),
('2022-08-25 23:01:00', 'FERRO', 4.24),
('2022-08-25 23:01:00', 'IBE', 10.88),
('2022-08-25 23:01:00', 'NAT', 11.75),
('2022-08-25 23:01:00', 'REP', 7.57),
('2022-08-25 23:01:00', 'SANT', 7.57),
('2022-08-25 23:01:00', 'TELF', 7.94),
('2022-08-26 23:01:00', 'BBVA', 2.14),
('2022-08-26 23:01:00', 'CELL', 17.11),
('2022-08-26 23:01:00', 'FERRO', 8.86),
('2022-08-26 23:01:00', 'IBE', 9.67),
('2022-08-26 23:01:00', 'NAT', 6.17),
('2022-08-26 23:01:00', 'REP', 13.39),
('2022-08-26 23:01:00', 'SANT', 15.15),
('2022-08-26 23:01:00', 'TELF', 1.7),
('2022-08-27 23:01:00', 'BBVA', 6.92),
('2022-08-27 23:01:00', 'CELL', 17.51),
('2022-08-27 23:01:00', 'FERRO', 16),
('2022-08-27 23:01:00', 'IBE', 7.11),
('2022-08-27 23:01:00', 'NAT', 18.97),
('2022-08-27 23:01:00', 'REP', 2.51),
('2022-08-27 23:01:00', 'SANT', 6.05),
('2022-08-27 23:01:00', 'TELF', 14.09),
('2022-08-28 23:01:00', 'BBVA', 2.2),
('2022-08-28 23:01:00', 'CELL', 3.42),
('2022-08-28 23:01:00', 'FERRO', 5.62),
('2022-08-28 23:01:00', 'IBE', 16.25),
('2022-08-28 23:01:00', 'NAT', 6.96),
('2022-08-28 23:01:00', 'REP', 17.44),
('2022-08-28 23:01:00', 'SANT', 11.07),
('2022-08-28 23:01:00', 'TELF', 11.36),
('2022-08-29 23:01:00', 'BBVA', 12.93),
('2022-08-29 23:01:00', 'CELL', 11.21),
('2022-08-29 23:01:00', 'FERRO', 4.87),
('2022-08-29 23:01:00', 'IBE', 18.15),
('2022-08-29 23:01:00', 'NAT', 11.81),
('2022-08-29 23:01:00', 'REP', 8.25),
('2022-08-29 23:01:00', 'SANT', 3.46),
('2022-08-29 23:01:00', 'TELF', 17.68),
('2022-08-30 23:01:00', 'BBVA', 5.27),
('2022-08-30 23:01:00', 'CELL', 13.47),
('2022-08-30 23:01:00', 'FERRO', 2.3),
('2022-08-30 23:01:00', 'IBE', 7.02),
('2022-08-30 23:01:00', 'NAT', 0.66),
('2022-08-30 23:01:00', 'REP', 4.28),
('2022-08-30 23:01:00', 'SANT', 14.9),
('2022-08-30 23:01:00', 'TELF', 7.79),
('2022-08-31 23:01:00', 'BBVA', 15.26),
('2022-08-31 23:01:00', 'CELL', 16.66),
('2022-08-31 23:01:00', 'FERRO', 17.48),
('2022-08-31 23:01:00', 'IBE', 11.91),
('2022-08-31 23:01:00', 'NAT', 11.72),
('2022-08-31 23:01:00', 'REP', 8.8),
('2022-08-31 23:01:00', 'SANT', 18.93),
('2022-08-31 23:01:00', 'TELF', 10.96),
('2022-09-01 23:01:00', 'BBVA', 18.59),
('2022-09-01 23:01:00', 'CELL', 15.84),
('2022-09-01 23:01:00', 'FERRO', 13.24),
('2022-09-01 23:01:00', 'IBE', 10.46),
('2022-09-01 23:01:00', 'NAT', 4.51),
('2022-09-01 23:01:00', 'REP', 8.17),
('2022-09-01 23:01:00', 'SANT', 12.11),
('2022-09-01 23:01:00', 'TELF', 7.63),
('2022-09-02 23:01:00', 'BBVA', 0.76),
('2022-09-02 23:01:00', 'CELL', 9.33),
('2022-09-02 23:01:00', 'FERRO', 19.76),
('2022-09-02 23:01:00', 'IBE', 19.41),
('2022-09-02 23:01:00', 'NAT', 6.19),
('2022-09-02 23:01:00', 'REP', 2.02),
('2022-09-02 23:01:00', 'SANT', 2.48),
('2022-09-02 23:01:00', 'TELF', 19.03),
('2022-09-03 23:01:00', 'BBVA', 8.97),
('2022-09-03 23:01:00', 'CELL', 18.96),
('2022-09-03 23:01:00', 'FERRO', 6.03),
('2022-09-03 23:01:00', 'IBE', 0.23),
('2022-09-03 23:01:00', 'NAT', 10.63),
('2022-09-03 23:01:00', 'REP', 2.47),
('2022-09-03 23:01:00', 'SANT', 18.18),
('2022-09-03 23:01:00', 'TELF', 12.25),
('2022-09-04 23:01:00', 'BBVA', 1.71),
('2022-09-04 23:01:00', 'CELL', 9.52),
('2022-09-04 23:01:00', 'FERRO', 14.06),
('2022-09-04 23:01:00', 'IBE', 0.34),
('2022-09-04 23:01:00', 'NAT', 8.9),
('2022-09-04 23:01:00', 'REP', 19.14),
('2022-09-04 23:01:00', 'SANT', 9.54),
('2022-09-04 23:01:00', 'TELF', 2.18),
('2022-09-05 23:01:00', 'BBVA', 18.8),
('2022-09-05 23:01:00', 'CELL', 5.76),
('2022-09-05 23:01:00', 'FERRO', 8.98),
('2022-09-05 23:01:00', 'IBE', 11.14),
('2022-09-05 23:01:00', 'NAT', 5.08),
('2022-09-05 23:01:00', 'REP', 9.01),
('2022-09-05 23:01:00', 'SANT', 6.81),
('2022-09-05 23:01:00', 'TELF', 14.48),
('2022-09-06 23:01:00', 'BBVA', 0.47),
('2022-09-06 23:01:00', 'CELL', 13.73),
('2022-09-06 23:01:00', 'FERRO', 15.79),
('2022-09-06 23:01:00', 'IBE', 5.18),
('2022-09-06 23:01:00', 'NAT', 1.66),
('2022-09-06 23:01:00', 'REP', 9.37),
('2022-09-06 23:01:00', 'SANT', 12.21),
('2022-09-06 23:01:00', 'TELF', 7.33),
('2022-09-07 23:01:00', 'BBVA', 11.57),
('2022-09-07 23:01:00', 'CELL', 2.18),
('2022-09-07 23:01:00', 'FERRO', 13.51),
('2022-09-07 23:01:00', 'IBE', 19.32),
('2022-09-07 23:01:00', 'NAT', 13.97),
('2022-09-07 23:01:00', 'REP', 8.96),
('2022-09-07 23:01:00', 'SANT', 4.72),
('2022-09-07 23:01:00', 'TELF', 8.96),
('2022-09-08 23:01:00', 'BBVA', 5.02),
('2022-09-08 23:01:00', 'CELL', 19.13),
('2022-09-08 23:01:00', 'FERRO', 15.4),
('2022-09-08 23:01:00', 'IBE', 2.68),
('2022-09-08 23:01:00', 'NAT', 14.24),
('2022-09-08 23:01:00', 'REP', 8.02),
('2022-09-08 23:01:00', 'SANT', 5.51),
('2022-09-08 23:01:00', 'TELF', 6.71),
('2022-09-09 23:01:00', 'BBVA', 5.66),
('2022-09-09 23:01:00', 'CELL', 7.73),
('2022-09-09 23:01:00', 'FERRO', 19.69),
('2022-09-09 23:01:00', 'IBE', 7.71),
('2022-09-09 23:01:00', 'NAT', 13.04),
('2022-09-09 23:01:00', 'REP', 15.17),
('2022-09-09 23:01:00', 'SANT', 14.85),
('2022-09-09 23:01:00', 'TELF', 2.47),
('2022-09-10 23:01:00', 'BBVA', 10.68),
('2022-09-10 23:01:00', 'CELL', 0.19),
('2022-09-10 23:01:00', 'FERRO', 4.6),
('2022-09-10 23:01:00', 'IBE', 0.97),
('2022-09-10 23:01:00', 'NAT', 8.72),
('2022-09-10 23:01:00', 'REP', 3.47),
('2022-09-10 23:01:00', 'SANT', 3.08),
('2022-09-10 23:01:00', 'TELF', 13.77),
('2022-09-11 23:01:00', 'BBVA', 17.54),
('2022-09-11 23:01:00', 'CELL', 6.32),
('2022-09-11 23:01:00', 'FERRO', 19.21),
('2022-09-11 23:01:00', 'IBE', 14.21),
('2022-09-11 23:01:00', 'NAT', 9.28),
('2022-09-11 23:01:00', 'REP', 6.48),
('2022-09-11 23:01:00', 'SANT', 4.6),
('2022-09-11 23:01:00', 'TELF', 9.85),
('2022-09-12 23:01:00', 'BBVA', 17.16),
('2022-09-12 23:01:00', 'CELL', 5.6),
('2022-09-12 23:01:00', 'FERRO', 11.06),
('2022-09-12 23:01:00', 'IBE', 6.48),
('2022-09-12 23:01:00', 'NAT', 13.4),
('2022-09-12 23:01:00', 'REP', 8.15),
('2022-09-12 23:01:00', 'SANT', 19.06),
('2022-09-12 23:01:00', 'TELF', 13.39),
('2022-09-13 23:01:00', 'BBVA', 9.61),
('2022-09-13 23:01:00', 'CELL', 0.54),
('2022-09-13 23:01:00', 'FERRO', 15.55),
('2022-09-13 23:01:00', 'IBE', 11.58),
('2022-09-13 23:01:00', 'NAT', 9.93),
('2022-09-13 23:01:00', 'REP', 12.86),
('2022-09-13 23:01:00', 'SANT', 9.6),
('2022-09-13 23:01:00', 'TELF', 16.23),
('2022-09-14 23:01:00', 'BBVA', 19.43),
('2022-09-14 23:01:00', 'CELL', 7.98),
('2022-09-14 23:01:00', 'FERRO', 3.14),
('2022-09-14 23:01:00', 'IBE', 5.65),
('2022-09-14 23:01:00', 'NAT', 1.67),
('2022-09-14 23:01:00', 'REP', 1.67),
('2022-09-14 23:01:00', 'SANT', 7.82),
('2022-09-14 23:01:00', 'TELF', 2.34),
('2022-09-15 23:01:00', 'BBVA', 4.24),
('2022-09-15 23:01:00', 'CELL', 13.44),
('2022-09-15 23:01:00', 'FERRO', 5.55),
('2022-09-15 23:01:00', 'IBE', 10.92),
('2022-09-15 23:01:00', 'NAT', 13.34),
('2022-09-15 23:01:00', 'REP', 8.07),
('2022-09-15 23:01:00', 'SANT', 13.25),
('2022-09-15 23:01:00', 'TELF', 13.69),
('2022-09-16 23:01:00', 'BBVA', 17.03),
('2022-09-16 23:01:00', 'CELL', 0.14),
('2022-09-16 23:01:00', 'FERRO', 5.69),
('2022-09-16 23:01:00', 'IBE', 12.67),
('2022-09-16 23:01:00', 'NAT', 11.8),
('2022-09-16 23:01:00', 'REP', 1.18),
('2022-09-16 23:01:00', 'SANT', 16.7),
('2022-09-16 23:01:00', 'TELF', 2.95),
('2022-09-17 23:01:00', 'BBVA', 11.29),
('2022-09-17 23:01:00', 'CELL', 1.42),
('2022-09-17 23:01:00', 'FERRO', 8.62),
('2022-09-17 23:01:00', 'IBE', 18.58),
('2022-09-17 23:01:00', 'NAT', 8.49),
('2022-09-17 23:01:00', 'REP', 17.05),
('2022-09-17 23:01:00', 'SANT', 11.75),
('2022-09-17 23:01:00', 'TELF', 13.64),
('2022-09-18 23:01:00', 'BBVA', 8.82),
('2022-09-18 23:01:00', 'CELL', 5.14),
('2022-09-18 23:01:00', 'FERRO', 2.91),
('2022-09-18 23:01:00', 'IBE', 13.64),
('2022-09-18 23:01:00', 'NAT', 1.96),
('2022-09-18 23:01:00', 'REP', 1),
('2022-09-18 23:01:00', 'SANT', 11.34),
('2022-09-18 23:01:00', 'TELF', 14.94),
('2022-09-19 23:01:00', 'BBVA', 13.2),
('2022-09-19 23:01:00', 'CELL', 16.88),
('2022-09-19 23:01:00', 'FERRO', 12.85),
('2022-09-19 23:01:00', 'IBE', 2.67),
('2022-09-19 23:01:00', 'NAT', 9.5),
('2022-09-19 23:01:00', 'REP', 15.24),
('2022-09-19 23:01:00', 'SANT', 8.75),
('2022-09-19 23:01:00', 'TELF', 3.35),
('2022-09-20 23:01:00', 'BBVA', 7.44),
('2022-09-20 23:01:00', 'CELL', 0.34),
('2022-09-20 23:01:00', 'FERRO', 11.71),
('2022-09-20 23:01:00', 'IBE', 18.07),
('2022-09-20 23:01:00', 'NAT', 7.04),
('2022-09-20 23:01:00', 'REP', 7.75),
('2022-09-20 23:01:00', 'SANT', 14.45),
('2022-09-20 23:01:00', 'TELF', 5.68),
('2022-09-21 23:01:00', 'BBVA', 8.87),
('2022-09-21 23:01:00', 'CELL', 1.21),
('2022-09-21 23:01:00', 'FERRO', 8),
('2022-09-21 23:01:00', 'IBE', 10.58),
('2022-09-21 23:01:00', 'NAT', 7.11),
('2022-09-21 23:01:00', 'REP', 9.89),
('2022-09-21 23:01:00', 'SANT', 9.68),
('2022-09-21 23:01:00', 'TELF', 15.6),
('2022-09-22 23:01:00', 'BBVA', 16.06),
('2022-09-22 23:01:00', 'CELL', 14.1),
('2022-09-22 23:01:00', 'FERRO', 18.37),
('2022-09-22 23:01:00', 'IBE', 8.91),
('2022-09-22 23:01:00', 'NAT', 11.28),
('2022-09-22 23:01:00', 'REP', 8.33),
('2022-09-22 23:01:00', 'SANT', 16.33),
('2022-09-22 23:01:00', 'TELF', 9.42),
('2022-09-23 23:01:00', 'BBVA', 10.08),
('2022-09-23 23:01:00', 'CELL', 6.83),
('2022-09-23 23:01:00', 'FERRO', 5.94),
('2022-09-23 23:01:00', 'IBE', 17.6),
('2022-09-23 23:01:00', 'NAT', 10.13),
('2022-09-23 23:01:00', 'REP', 18.12),
('2022-09-23 23:01:00', 'SANT', 9.7),
('2022-09-23 23:01:00', 'TELF', 7.64),
('2022-09-24 23:01:00', 'BBVA', 4.07),
('2022-09-24 23:01:00', 'CELL', 12.2),
('2022-09-24 23:01:00', 'FERRO', 5.74),
('2022-09-24 23:01:00', 'IBE', 14.1),
('2022-09-24 23:01:00', 'NAT', 12.44),
('2022-09-24 23:01:00', 'REP', 14.17),
('2022-09-24 23:01:00', 'SANT', 6.68),
('2022-09-24 23:01:00', 'TELF', 9.84),
('2022-09-25 23:01:00', 'BBVA', 15.58),
('2022-09-25 23:01:00', 'CELL', 17.5),
('2022-09-25 23:01:00', 'FERRO', 13.78),
('2022-09-25 23:01:00', 'IBE', 6.4),
('2022-09-25 23:01:00', 'NAT', 10.3),
('2022-09-25 23:01:00', 'REP', 0.79),
('2022-09-25 23:01:00', 'SANT', 2.82),
('2022-09-25 23:01:00', 'TELF', 11.98),
('2022-09-26 23:01:00', 'BBVA', 9.21),
('2022-09-26 23:01:00', 'CELL', 9.99),
('2022-09-26 23:01:00', 'FERRO', 5.11),
('2022-09-26 23:01:00', 'IBE', 8.61),
('2022-09-26 23:01:00', 'NAT', 0.86),
('2022-09-26 23:01:00', 'REP', 1.52),
('2022-09-26 23:01:00', 'SANT', 12.11),
('2022-09-26 23:01:00', 'TELF', 5.02),
('2022-09-27 23:01:00', 'BBVA', 11.82),
('2022-09-27 23:01:00', 'CELL', 18.15),
('2022-09-27 23:01:00', 'FERRO', 15.37),
('2022-09-27 23:01:00', 'IBE', 14.47),
('2022-09-27 23:01:00', 'NAT', 3.73),
('2022-09-27 23:01:00', 'REP', 16.45),
('2022-09-27 23:01:00', 'SANT', 6.8),
('2022-09-27 23:01:00', 'TELF', 14.96),
('2022-09-28 23:01:00', 'BBVA', 2.63),
('2022-09-28 23:01:00', 'CELL', 13.47),
('2022-09-28 23:01:00', 'FERRO', 19.04),
('2022-09-28 23:01:00', 'IBE', 3.92),
('2022-09-28 23:01:00', 'NAT', 17.49),
('2022-09-28 23:01:00', 'REP', 9.47),
('2022-09-28 23:01:00', 'SANT', 18.23),
('2022-09-28 23:01:00', 'TELF', 0.27),
('2022-09-29 23:01:00', 'BBVA', 16.8),
('2022-09-29 23:01:00', 'CELL', 1.92),
('2022-09-29 23:01:00', 'FERRO', 10.74),
('2022-09-29 23:01:00', 'IBE', 2.29),
('2022-09-29 23:01:00', 'NAT', 18.25),
('2022-09-29 23:01:00', 'REP', 7.9),
('2022-09-29 23:01:00', 'SANT', 3.11),
('2022-09-29 23:01:00', 'TELF', 3.59),
('2022-09-30 23:01:00', 'BBVA', 9.5),
('2022-09-30 23:01:00', 'CELL', 7.49),
('2022-09-30 23:01:00', 'FERRO', 13.04),
('2022-09-30 23:01:00', 'IBE', 13.71),
('2022-09-30 23:01:00', 'NAT', 19.55),
('2022-09-30 23:01:00', 'REP', 13.83),
('2022-09-30 23:01:00', 'SANT', 4.95),
('2022-09-30 23:01:00', 'TELF', 4.11),
('2022-10-01 23:01:00', 'BBVA', 10.74),
('2022-10-01 23:01:00', 'CELL', 11.11),
('2022-10-01 23:01:00', 'FERRO', 13.1),
('2022-10-01 23:01:00', 'IBE', 11.19),
('2022-10-01 23:01:00', 'NAT', 14.57),
('2022-10-01 23:01:00', 'REP', 8.83),
('2022-10-01 23:01:00', 'SANT', 13.77),
('2022-10-01 23:01:00', 'TELF', 3.36),
('2022-10-02 23:01:00', 'BBVA', 6.9),
('2022-10-02 23:01:00', 'CELL', 4.21),
('2022-10-02 23:01:00', 'FERRO', 3.03),
('2022-10-02 23:01:00', 'IBE', 10.09),
('2022-10-02 23:01:00', 'NAT', 10.01),
('2022-10-02 23:01:00', 'REP', 17.89),
('2022-10-02 23:01:00', 'SANT', 18.28),
('2022-10-02 23:01:00', 'TELF', 14.89),
('2022-10-03 23:01:00', 'BBVA', 1.03),
('2022-10-03 23:01:00', 'CELL', 13.38),
('2022-10-03 23:01:00', 'FERRO', 7.66),
('2022-10-03 23:01:00', 'IBE', 9.6),
('2022-10-03 23:01:00', 'NAT', 19.91),
('2022-10-03 23:01:00', 'REP', 0.26),
('2022-10-03 23:01:00', 'SANT', 4.33),
('2022-10-03 23:01:00', 'TELF', 11.05),
('2022-10-04 23:01:00', 'BBVA', 19.38),
('2022-10-04 23:01:00', 'CELL', 12.58),
('2022-10-04 23:01:00', 'FERRO', 2.69),
('2022-10-04 23:01:00', 'IBE', 7.13),
('2022-10-04 23:01:00', 'NAT', 7.43),
('2022-10-04 23:01:00', 'REP', 13.52),
('2022-10-04 23:01:00', 'SANT', 3.93),
('2022-10-04 23:01:00', 'TELF', 1.21),
('2022-10-05 23:01:00', 'BBVA', 11.42),
('2022-10-05 23:01:00', 'CELL', 14.78),
('2022-10-05 23:01:00', 'FERRO', 15.19),
('2022-10-05 23:01:00', 'IBE', 12.11),
('2022-10-05 23:01:00', 'NAT', 15.53),
('2022-10-05 23:01:00', 'REP', 11.16),
('2022-10-05 23:01:00', 'SANT', 6.23),
('2022-10-05 23:01:00', 'TELF', 16.09),
('2022-10-06 23:01:00', 'BBVA', 12.51),
('2022-10-06 23:01:00', 'CELL', 4.24),
('2022-10-06 23:01:00', 'FERRO', 9.19),
('2022-10-06 23:01:00', 'IBE', 7.54),
('2022-10-06 23:01:00', 'NAT', 19.02),
('2022-10-06 23:01:00', 'REP', 2.43),
('2022-10-06 23:01:00', 'SANT', 2.32),
('2022-10-06 23:01:00', 'TELF', 9.96),
('2022-10-07 23:01:00', 'BBVA', 1.04),
('2022-10-07 23:01:00', 'CELL', 18.39),
('2022-10-07 23:01:00', 'FERRO', 10.72),
('2022-10-07 23:01:00', 'IBE', 3.34),
('2022-10-07 23:01:00', 'NAT', 8.62),
('2022-10-07 23:01:00', 'REP', 7.57),
('2022-10-07 23:01:00', 'SANT', 3.87),
('2022-10-07 23:01:00', 'TELF', 16.64),
('2022-10-08 23:01:00', 'BBVA', 1.53),
('2022-10-08 23:01:00', 'CELL', 2.23),
('2022-10-08 23:01:00', 'FERRO', 4.86),
('2022-10-08 23:01:00', 'IBE', 19.25),
('2022-10-08 23:01:00', 'NAT', 7.26),
('2022-10-08 23:01:00', 'REP', 16.76),
('2022-10-08 23:01:00', 'SANT', 7.96),
('2022-10-08 23:01:00', 'TELF', 8.15),
('2022-10-09 23:01:00', 'BBVA', 14.95),
('2022-10-09 23:01:00', 'CELL', 13.47),
('2022-10-09 23:01:00', 'FERRO', 15.84),
('2022-10-09 23:01:00', 'IBE', 6.13),
('2022-10-09 23:01:00', 'NAT', 2.37),
('2022-10-09 23:01:00', 'REP', 5.52),
('2022-10-09 23:01:00', 'SANT', 10.31),
('2022-10-09 23:01:00', 'TELF', 19.59),
('2022-10-10 23:01:00', 'BBVA', 7.17),
('2022-10-10 23:01:00', 'CELL', 19.89),
('2022-10-10 23:01:00', 'FERRO', 6.62),
('2022-10-10 23:01:00', 'IBE', 3.43),
('2022-10-10 23:01:00', 'NAT', 19.19),
('2022-10-10 23:01:00', 'REP', 16.7),
('2022-10-10 23:01:00', 'SANT', 1.28),
('2022-10-10 23:01:00', 'TELF', 8.49),
('2022-10-11 23:01:00', 'BBVA', 0.88),
('2022-10-11 23:01:00', 'CELL', 0.9),
('2022-10-11 23:01:00', 'FERRO', 13.82),
('2022-10-11 23:01:00', 'IBE', 1.96),
('2022-10-11 23:01:00', 'NAT', 16.38),
('2022-10-11 23:01:00', 'REP', 3.92),
('2022-10-11 23:01:00', 'SANT', 5),
('2022-10-11 23:01:00', 'TELF', 0.02),
('2022-10-12 23:01:00', 'BBVA', 5.79),
('2022-10-12 23:01:00', 'CELL', 13.86),
('2022-10-12 23:01:00', 'FERRO', 6.94),
('2022-10-12 23:01:00', 'IBE', 1.46),
('2022-10-12 23:01:00', 'NAT', 3.27),
('2022-10-12 23:01:00', 'REP', 18.85),
('2022-10-12 23:01:00', 'SANT', 18.78),
('2022-10-12 23:01:00', 'TELF', 10.35),
('2022-10-13 23:01:00', 'BBVA', 18.59),
('2022-10-13 23:01:00', 'CELL', 8.85),
('2022-10-13 23:01:00', 'FERRO', 10.01),
('2022-10-13 23:01:00', 'IBE', 10.96),
('2022-10-13 23:01:00', 'NAT', 19.28),
('2022-10-13 23:01:00', 'REP', 16.02),
('2022-10-13 23:01:00', 'SANT', 5.91),
('2022-10-13 23:01:00', 'TELF', 9.48),
('2022-10-14 23:01:00', 'BBVA', 11.51),
('2022-10-14 23:01:00', 'CELL', 12.66),
('2022-10-14 23:01:00', 'FERRO', 16.29),
('2022-10-14 23:01:00', 'IBE', 3.89),
('2022-10-14 23:01:00', 'NAT', 17.25),
('2022-10-14 23:01:00', 'REP', 13.74),
('2022-10-14 23:01:00', 'SANT', 15.18),
('2022-10-14 23:01:00', 'TELF', 9.71),
('2022-10-15 23:01:00', 'BBVA', 8.23),
('2022-10-15 23:01:00', 'CELL', 10.61),
('2022-10-15 23:01:00', 'FERRO', 12.43),
('2022-10-15 23:01:00', 'IBE', 3.89),
('2022-10-15 23:01:00', 'NAT', 0.73),
('2022-10-15 23:01:00', 'REP', 1.81),
('2022-10-15 23:01:00', 'SANT', 1.01),
('2022-10-15 23:01:00', 'TELF', 7.74),
('2022-10-16 23:01:00', 'BBVA', 13.16),
('2022-10-16 23:01:00', 'CELL', 10.03),
('2022-10-16 23:01:00', 'FERRO', 0.48),
('2022-10-16 23:01:00', 'IBE', 11.29),
('2022-10-16 23:01:00', 'NAT', 2.24),
('2022-10-16 23:01:00', 'REP', 5.23),
('2022-10-16 23:01:00', 'SANT', 0.19),
('2022-10-16 23:01:00', 'TELF', 15.16),
('2022-10-17 23:01:00', 'BBVA', 17.44),
('2022-10-17 23:01:00', 'CELL', 18.41),
('2022-10-17 23:01:00', 'FERRO', 17.27),
('2022-10-17 23:01:00', 'IBE', 9.98),
('2022-10-17 23:01:00', 'NAT', 8.9),
('2022-10-17 23:01:00', 'REP', 6.75),
('2022-10-17 23:01:00', 'SANT', 6.22),
('2022-10-17 23:01:00', 'TELF', 12.5),
('2022-10-18 23:01:00', 'BBVA', 19.36),
('2022-10-18 23:01:00', 'CELL', 5.57),
('2022-10-18 23:01:00', 'FERRO', 1.08),
('2022-10-18 23:01:00', 'IBE', 11.98),
('2022-10-18 23:01:00', 'NAT', 3.98),
('2022-10-18 23:01:00', 'REP', 9.79),
('2022-10-18 23:01:00', 'SANT', 5.13),
('2022-10-18 23:01:00', 'TELF', 9.15),
('2022-10-19 23:01:00', 'BBVA', 19.9),
('2022-10-19 23:01:00', 'CELL', 9.75),
('2022-10-19 23:01:00', 'FERRO', 17.22),
('2022-10-19 23:01:00', 'IBE', 17),
('2022-10-19 23:01:00', 'NAT', 14.09),
('2022-10-19 23:01:00', 'REP', 9.47),
('2022-10-19 23:01:00', 'SANT', 0.69),
('2022-10-19 23:01:00', 'TELF', 10.62),
('2022-10-20 23:01:00', 'BBVA', 8.57),
('2022-10-20 23:01:00', 'CELL', 15.49),
('2022-10-20 23:01:00', 'FERRO', 1.57),
('2022-10-20 23:01:00', 'IBE', 2.02),
('2022-10-20 23:01:00', 'NAT', 12.42),
('2022-10-20 23:01:00', 'REP', 10.76),
('2022-10-20 23:01:00', 'SANT', 5.59),
('2022-10-20 23:01:00', 'TELF', 4.13),
('2022-10-21 23:01:00', 'BBVA', 4.25),
('2022-10-21 23:01:00', 'CELL', 3.87),
('2022-10-21 23:01:00', 'FERRO', 19.66),
('2022-10-21 23:01:00', 'IBE', 10.68),
('2022-10-21 23:01:00', 'NAT', 2.46),
('2022-10-21 23:01:00', 'REP', 13.74),
('2022-10-21 23:01:00', 'SANT', 14.16),
('2022-10-21 23:01:00', 'TELF', 18.05),
('2022-10-22 23:01:00', 'BBVA', 19.35),
('2022-10-22 23:01:00', 'CELL', 16.86),
('2022-10-22 23:01:00', 'FERRO', 11.09),
('2022-10-22 23:01:00', 'IBE', 0.5),
('2022-10-22 23:01:00', 'NAT', 15.4),
('2022-10-22 23:01:00', 'REP', 8.2),
('2022-10-22 23:01:00', 'SANT', 0.51),
('2022-10-22 23:01:00', 'TELF', 13.99),
('2022-10-23 23:01:00', 'BBVA', 16.79),
('2022-10-23 23:01:00', 'CELL', 17.27),
('2022-10-23 23:01:00', 'FERRO', 9.91),
('2022-10-23 23:01:00', 'IBE', 2.66),
('2022-10-23 23:01:00', 'NAT', 8.79),
('2022-10-23 23:01:00', 'REP', 2.47),
('2022-10-23 23:01:00', 'SANT', 1.98),
('2022-10-23 23:01:00', 'TELF', 15.3),
('2022-10-24 23:01:00', 'BBVA', 2.89),
('2022-10-24 23:01:00', 'CELL', 7.33),
('2022-10-24 23:01:00', 'FERRO', 8.05),
('2022-10-24 23:01:00', 'IBE', 8.47),
('2022-10-24 23:01:00', 'NAT', 7.46),
('2022-10-24 23:01:00', 'REP', 8.71),
('2022-10-24 23:01:00', 'SANT', 9.68),
('2022-10-24 23:01:00', 'TELF', 5.83),
('2022-10-25 23:01:00', 'BBVA', 10.91),
('2022-10-25 23:01:00', 'CELL', 9.72),
('2022-10-25 23:01:00', 'FERRO', 18.83),
('2022-10-25 23:01:00', 'IBE', 12.63),
('2022-10-25 23:01:00', 'NAT', 5.63),
('2022-10-25 23:01:00', 'REP', 3.64),
('2022-10-25 23:01:00', 'SANT', 4.38),
('2022-10-25 23:01:00', 'TELF', 3.98),
('2022-10-26 23:01:00', 'BBVA', 3.57),
('2022-10-26 23:01:00', 'CELL', 11.57),
('2022-10-26 23:01:00', 'FERRO', 19.24),
('2022-10-26 23:01:00', 'IBE', 11.02),
('2022-10-26 23:01:00', 'NAT', 11.61),
('2022-10-26 23:01:00', 'REP', 18.18),
('2022-10-26 23:01:00', 'SANT', 4.45),
('2022-10-26 23:01:00', 'TELF', 15.82),
('2022-10-27 23:01:00', 'BBVA', 10.67),
('2022-10-27 23:01:00', 'CELL', 12.63),
('2022-10-27 23:01:00', 'FERRO', 14.57),
('2022-10-27 23:01:00', 'IBE', 19.28),
('2022-10-27 23:01:00', 'NAT', 12.99),
('2022-10-27 23:01:00', 'REP', 8.12),
('2022-10-27 23:01:00', 'SANT', 12.18),
('2022-10-27 23:01:00', 'TELF', 2.51),
('2022-10-28 23:01:00', 'BBVA', 13.44),
('2022-10-28 23:01:00', 'CELL', 5.46),
('2022-10-28 23:01:00', 'FERRO', 16.97),
('2022-10-28 23:01:00', 'IBE', 12.64),
('2022-10-28 23:01:00', 'NAT', 14.92),
('2022-10-28 23:01:00', 'REP', 8.96),
('2022-10-28 23:01:00', 'SANT', 13.99),
('2022-10-28 23:01:00', 'TELF', 18.84),
('2022-10-29 23:01:00', 'BBVA', 2.81),
('2022-10-29 23:01:00', 'CELL', 15),
('2022-10-29 23:01:00', 'FERRO', 2.38),
('2022-10-29 23:01:00', 'IBE', 15.26),
('2022-10-29 23:01:00', 'NAT', 13.98),
('2022-10-29 23:01:00', 'REP', 8.46),
('2022-10-29 23:01:00', 'SANT', 7.06),
('2022-10-29 23:01:00', 'TELF', 9.52),
('2022-10-30 23:01:00', 'BBVA', 10.83),
('2022-10-30 23:01:00', 'CELL', 6.79),
('2022-10-30 23:01:00', 'FERRO', 9.37),
('2022-10-30 23:01:00', 'IBE', 19.83),
('2022-10-30 23:01:00', 'NAT', 6.55),
('2022-10-30 23:01:00', 'REP', 3.13),
('2022-10-30 23:01:00', 'SANT', 12.45),
('2022-10-30 23:01:00', 'TELF', 19.16),
('2022-10-31 23:01:00', 'BBVA', 9.25),
('2022-10-31 23:01:00', 'CELL', 4.9),
('2022-10-31 23:01:00', 'FERRO', 8.62),
('2022-10-31 23:01:00', 'IBE', 1.99),
('2022-10-31 23:01:00', 'NAT', 12.86),
('2022-10-31 23:01:00', 'REP', 6.49),
('2022-10-31 23:01:00', 'SANT', 13.94),
('2022-10-31 23:01:00', 'TELF', 1),
('2022-11-01 23:01:00', 'BBVA', 19.42),
('2022-11-01 23:01:00', 'CELL', 8.55),
('2022-11-01 23:01:00', 'FERRO', 11.49),
('2022-11-01 23:01:00', 'IBE', 12.08),
('2022-11-01 23:01:00', 'NAT', 8.61),
('2022-11-01 23:01:00', 'REP', 4.07),
('2022-11-01 23:01:00', 'SANT', 5.33),
('2022-11-01 23:01:00', 'TELF', 13.87),
('2022-11-02 23:01:00', 'BBVA', 15.04),
('2022-11-02 23:01:00', 'CELL', 18.46),
('2022-11-02 23:01:00', 'FERRO', 1.46),
('2022-11-02 23:01:00', 'IBE', 14.54),
('2022-11-02 23:01:00', 'NAT', 14.86),
('2022-11-02 23:01:00', 'REP', 4.08),
('2022-11-02 23:01:00', 'SANT', 10.56),
('2022-11-02 23:01:00', 'TELF', 2.5),
('2022-11-03 23:01:00', 'BBVA', 13.94),
('2022-11-03 23:01:00', 'CELL', 17.64),
('2022-11-03 23:01:00', 'FERRO', 18.07),
('2022-11-03 23:01:00', 'IBE', 15.04),
('2022-11-03 23:01:00', 'NAT', 19.99),
('2022-11-03 23:01:00', 'REP', 13.36),
('2022-11-03 23:01:00', 'SANT', 1.73),
('2022-11-03 23:01:00', 'TELF', 10.84),
('2022-11-04 23:01:00', 'BBVA', 18.93),
('2022-11-04 23:01:00', 'CELL', 6.29),
('2022-11-04 23:01:00', 'FERRO', 18.84),
('2022-11-04 23:01:00', 'IBE', 6.63),
('2022-11-04 23:01:00', 'NAT', 16.06),
('2022-11-04 23:01:00', 'REP', 1.21),
('2022-11-04 23:01:00', 'SANT', 5.66),
('2022-11-04 23:01:00', 'TELF', 9.33),
('2022-11-05 23:01:00', 'BBVA', 7.37),
('2022-11-05 23:01:00', 'CELL', 9.12),
('2022-11-05 23:01:00', 'FERRO', 9.29),
('2022-11-05 23:01:00', 'IBE', 0.99),
('2022-11-05 23:01:00', 'NAT', 3.94),
('2022-11-05 23:01:00', 'REP', 11.16),
('2022-11-05 23:01:00', 'SANT', 12.44),
('2022-11-05 23:01:00', 'TELF', 1.91),
('2022-11-06 23:01:00', 'BBVA', 5.26),
('2022-11-06 23:01:00', 'CELL', 16.81),
('2022-11-06 23:01:00', 'FERRO', 17.14),
('2022-11-06 23:01:00', 'IBE', 8.7),
('2022-11-06 23:01:00', 'NAT', 12.59),
('2022-11-06 23:01:00', 'REP', 1.28),
('2022-11-06 23:01:00', 'SANT', 19.87),
('2022-11-06 23:01:00', 'TELF', 5.11),
('2022-11-07 23:01:00', 'BBVA', 12.04),
('2022-11-07 23:01:00', 'CELL', 12.99),
('2022-11-07 23:01:00', 'FERRO', 6.26),
('2022-11-07 23:01:00', 'IBE', 19.76),
('2022-11-07 23:01:00', 'NAT', 1.05),
('2022-11-07 23:01:00', 'REP', 17.23),
('2022-11-07 23:01:00', 'SANT', 8.29),
('2022-11-07 23:01:00', 'TELF', 7.21),
('2022-11-08 23:01:00', 'BBVA', 4.38),
('2022-11-08 23:01:00', 'CELL', 19.57),
('2022-11-08 23:01:00', 'FERRO', 10.86),
('2022-11-08 23:01:00', 'IBE', 18.23),
('2022-11-08 23:01:00', 'NAT', 8.81),
('2022-11-08 23:01:00', 'REP', 8.21),
('2022-11-08 23:01:00', 'SANT', 5.84),
('2022-11-08 23:01:00', 'TELF', 4.93),
('2022-11-09 23:01:00', 'BBVA', 17.3),
('2022-11-09 23:01:00', 'CELL', 5.63),
('2022-11-09 23:01:00', 'FERRO', 2.5),
('2022-11-09 23:01:00', 'IBE', 17.73),
('2022-11-09 23:01:00', 'NAT', 12.82),
('2022-11-09 23:01:00', 'REP', 12.53),
('2022-11-09 23:01:00', 'SANT', 18.9),
('2022-11-09 23:01:00', 'TELF', 4.62),
('2022-11-10 23:01:00', 'BBVA', 19.84),
('2022-11-10 23:01:00', 'CELL', 14.57),
('2022-11-10 23:01:00', 'FERRO', 12.22),
('2022-11-10 23:01:00', 'IBE', 17.49),
('2022-11-10 23:01:00', 'NAT', 7.71),
('2022-11-10 23:01:00', 'REP', 1.16),
('2022-11-10 23:01:00', 'SANT', 2.88),
('2022-11-10 23:01:00', 'TELF', 9.02),
('2022-11-11 23:01:00', 'BBVA', 11.58),
('2022-11-11 23:01:00', 'CELL', 15.53),
('2022-11-11 23:01:00', 'FERRO', 2.69),
('2022-11-11 23:01:00', 'IBE', 5.36),
('2022-11-11 23:01:00', 'NAT', 13.31),
('2022-11-11 23:01:00', 'REP', 15.59),
('2022-11-11 23:01:00', 'SANT', 9.76),
('2022-11-11 23:01:00', 'TELF', 8.6),
('2022-11-12 23:01:00', 'BBVA', 13.07),
('2022-11-12 23:01:00', 'CELL', 15.98),
('2022-11-12 23:01:00', 'FERRO', 8.06),
('2022-11-12 23:01:00', 'IBE', 11.23),
('2022-11-12 23:01:00', 'NAT', 8.26),
('2022-11-12 23:01:00', 'REP', 11.21),
('2022-11-12 23:01:00', 'SANT', 17.53),
('2022-11-12 23:01:00', 'TELF', 16.75),
('2022-11-13 23:01:00', 'BBVA', 10.8),
('2022-11-13 23:01:00', 'CELL', 15.37),
('2022-11-13 23:01:00', 'FERRO', 13.44),
('2022-11-13 23:01:00', 'IBE', 7),
('2022-11-13 23:01:00', 'NAT', 18.14),
('2022-11-13 23:01:00', 'REP', 0.1),
('2022-11-13 23:01:00', 'SANT', 15.44),
('2022-11-13 23:01:00', 'TELF', 1.56),
('2022-11-14 23:01:00', 'BBVA', 8.23),
('2022-11-14 23:01:00', 'CELL', 10.11),
('2022-11-14 23:01:00', 'FERRO', 0.28),
('2022-11-14 23:01:00', 'IBE', 15.65),
('2022-11-14 23:01:00', 'NAT', 13.3),
('2022-11-14 23:01:00', 'REP', 16.76),
('2022-11-14 23:01:00', 'SANT', 18.32),
('2022-11-14 23:01:00', 'TELF', 6.67),
('2022-11-15 23:01:00', 'BBVA', 3.56),
('2022-11-15 23:01:00', 'CELL', 10.07),
('2022-11-15 23:01:00', 'FERRO', 18.79),
('2022-11-15 23:01:00', 'IBE', 17.88),
('2022-11-15 23:01:00', 'NAT', 14.42),
('2022-11-15 23:01:00', 'REP', 3.58),
('2022-11-15 23:01:00', 'SANT', 14.58),
('2022-11-15 23:01:00', 'TELF', 16.89),
('2022-11-16 23:01:00', 'BBVA', 5.22),
('2022-11-16 23:01:00', 'CELL', 11.72),
('2022-11-16 23:01:00', 'FERRO', 11.1),
('2022-11-16 23:01:00', 'IBE', 15.6),
('2022-11-16 23:01:00', 'NAT', 4.4),
('2022-11-16 23:01:00', 'REP', 10.21),
('2022-11-16 23:01:00', 'SANT', 19.24),
('2022-11-16 23:01:00', 'TELF', 12.23),
('2022-11-17 23:01:00', 'BBVA', 17.09),
('2022-11-17 23:01:00', 'CELL', 1.8),
('2022-11-17 23:01:00', 'FERRO', 10.7),
('2022-11-17 23:01:00', 'IBE', 0.63),
('2022-11-17 23:01:00', 'NAT', 5.97),
('2022-11-17 23:01:00', 'REP', 19.62),
('2022-11-17 23:01:00', 'SANT', 11.29),
('2022-11-17 23:01:00', 'TELF', 13.01),
('2022-11-18 23:01:00', 'BBVA', 8.32),
('2022-11-18 23:01:00', 'CELL', 6.71),
('2022-11-18 23:01:00', 'FERRO', 2.22),
('2022-11-18 23:01:00', 'IBE', 19.94),
('2022-11-18 23:01:00', 'NAT', 16.33),
('2022-11-18 23:01:00', 'REP', 3.67),
('2022-11-18 23:01:00', 'SANT', 2.72),
('2022-11-18 23:01:00', 'TELF', 14.64),
('2022-11-19 23:01:00', 'BBVA', 17.81),
('2022-11-19 23:01:00', 'CELL', 0.4),
('2022-11-19 23:01:00', 'FERRO', 12.65),
('2022-11-19 23:01:00', 'IBE', 5.95),
('2022-11-19 23:01:00', 'NAT', 7.26),
('2022-11-19 23:01:00', 'REP', 9.36),
('2022-11-19 23:01:00', 'SANT', 3.96),
('2022-11-19 23:01:00', 'TELF', 11.86),
('2022-11-20 23:01:00', 'BBVA', 8.41),
('2022-11-20 23:01:00', 'CELL', 17.27),
('2022-11-20 23:01:00', 'FERRO', 13.49),
('2022-11-20 23:01:00', 'IBE', 12.37),
('2022-11-20 23:01:00', 'NAT', 9.21),
('2022-11-20 23:01:00', 'REP', 3.79),
('2022-11-20 23:01:00', 'SANT', 13.56),
('2022-11-20 23:01:00', 'TELF', 5.54),
('2022-11-21 23:01:00', 'BBVA', 5.46),
('2022-11-21 23:01:00', 'CELL', 5.18),
('2022-11-21 23:01:00', 'FERRO', 7.02),
('2022-11-21 23:01:00', 'IBE', 17.83),
('2022-11-21 23:01:00', 'NAT', 1.36),
('2022-11-21 23:01:00', 'REP', 18.06),
('2022-11-21 23:01:00', 'SANT', 3.78),
('2022-11-21 23:01:00', 'TELF', 16.57),
('2022-11-22 23:01:00', 'BBVA', 1.3),
('2022-11-22 23:01:00', 'CELL', 19.91),
('2022-11-22 23:01:00', 'FERRO', 11.08),
('2022-11-22 23:01:00', 'IBE', 4.74),
('2022-11-22 23:01:00', 'NAT', 16.45),
('2022-11-22 23:01:00', 'REP', 17.53),
('2022-11-22 23:01:00', 'SANT', 3.6),
('2022-11-22 23:01:00', 'TELF', 8.38),
('2022-11-23 23:01:00', 'BBVA', 9.21),
('2022-11-23 23:01:00', 'CELL', 12.9),
('2022-11-23 23:01:00', 'FERRO', 11.59),
('2022-11-23 23:01:00', 'IBE', 13.11),
('2022-11-23 23:01:00', 'NAT', 10.61),
('2022-11-23 23:01:00', 'REP', 19.45),
('2022-11-23 23:01:00', 'SANT', 13.68),
('2022-11-23 23:01:00', 'TELF', 19.25),
('2022-11-24 23:01:00', 'BBVA', 19.88),
('2022-11-24 23:01:00', 'CELL', 19.32),
('2022-11-24 23:01:00', 'FERRO', 2.46),
('2022-11-24 23:01:00', 'IBE', 12.63),
('2022-11-24 23:01:00', 'NAT', 7.16),
('2022-11-24 23:01:00', 'REP', 15.86),
('2022-11-24 23:01:00', 'SANT', 12.23),
('2022-11-24 23:01:00', 'TELF', 13.33),
('2022-11-25 23:01:00', 'BBVA', 2.38),
('2022-11-25 23:01:00', 'CELL', 13.16),
('2022-11-25 23:01:00', 'FERRO', 15.33),
('2022-11-25 23:01:00', 'IBE', 7.86),
('2022-11-25 23:01:00', 'NAT', 6.16),
('2022-11-25 23:01:00', 'REP', 15.19),
('2022-11-25 23:01:00', 'SANT', 9),
('2022-11-25 23:01:00', 'TELF', 13.35),
('2022-11-26 23:01:00', 'BBVA', 9.91),
('2022-11-26 23:01:00', 'CELL', 15.51),
('2022-11-26 23:01:00', 'FERRO', 15.86),
('2022-11-26 23:01:00', 'IBE', 18.67),
('2022-11-26 23:01:00', 'NAT', 2.17),
('2022-11-26 23:01:00', 'REP', 3.58),
('2022-11-26 23:01:00', 'SANT', 11.72),
('2022-11-26 23:01:00', 'TELF', 2.46),
('2022-11-27 23:01:00', 'BBVA', 16.66),
('2022-11-27 23:01:00', 'CELL', 8.67),
('2022-11-27 23:01:00', 'FERRO', 14.65),
('2022-11-27 23:01:00', 'IBE', 11.05),
('2022-11-27 23:01:00', 'NAT', 17.23),
('2022-11-27 23:01:00', 'REP', 4.65),
('2022-11-27 23:01:00', 'SANT', 15.31),
('2022-11-27 23:01:00', 'TELF', 14.52),
('2022-11-28 23:01:00', 'BBVA', 18.51),
('2022-11-28 23:01:00', 'CELL', 19.36),
('2022-11-28 23:01:00', 'FERRO', 10.62),
('2022-11-28 23:01:00', 'IBE', 2.72),
('2022-11-28 23:01:00', 'NAT', 11.36),
('2022-11-28 23:01:00', 'REP', 19.61),
('2022-11-28 23:01:00', 'SANT', 18.82),
('2022-11-28 23:01:00', 'TELF', 16.23),
('2022-11-29 23:01:00', 'BBVA', 3.67),
('2022-11-29 23:01:00', 'CELL', 15.37),
('2022-11-29 23:01:00', 'FERRO', 14.85),
('2022-11-29 23:01:00', 'IBE', 3.46),
('2022-11-29 23:01:00', 'NAT', 13.94),
('2022-11-29 23:01:00', 'REP', 9.63),
('2022-11-29 23:01:00', 'SANT', 12.07),
('2022-11-29 23:01:00', 'TELF', 4.21),
('2022-11-30 23:01:00', 'BBVA', 10.09),
('2022-11-30 23:01:00', 'CELL', 6.15),
('2022-11-30 23:01:00', 'FERRO', 3.07),
('2022-11-30 23:01:00', 'IBE', 14.68),
('2022-11-30 23:01:00', 'NAT', 15.8),
('2022-11-30 23:01:00', 'REP', 10.11),
('2022-11-30 23:01:00', 'SANT', 13.02),
('2022-11-30 23:01:00', 'TELF', 13.21),
('2022-12-01 23:01:00', 'BBVA', 0.55),
('2022-12-01 23:01:00', 'CELL', 7.7),
('2022-12-01 23:01:00', 'FERRO', 1.27),
('2022-12-01 23:01:00', 'IBE', 18.02),
('2022-12-01 23:01:00', 'NAT', 18.96),
('2022-12-01 23:01:00', 'REP', 13.17),
('2022-12-01 23:01:00', 'SANT', 13.45),
('2022-12-01 23:01:00', 'TELF', 11.03),
('2022-12-02 23:01:00', 'BBVA', 1.96),
('2022-12-02 23:01:00', 'CELL', 8.25);
INSERT INTO `cotizacion` (`fecha`, `empresa`, `var`) VALUES
('2022-12-02 23:01:00', 'FERRO', 16),
('2022-12-02 23:01:00', 'IBE', 16.68),
('2022-12-02 23:01:00', 'NAT', 5.11),
('2022-12-02 23:01:00', 'REP', 17.78),
('2022-12-02 23:01:00', 'SANT', 9),
('2022-12-02 23:01:00', 'TELF', 2.48),
('2022-12-03 23:01:00', 'BBVA', 0.43),
('2022-12-03 23:01:00', 'CELL', 11.03),
('2022-12-03 23:01:00', 'FERRO', 2.4),
('2022-12-03 23:01:00', 'IBE', 4.2),
('2022-12-03 23:01:00', 'NAT', 10.15),
('2022-12-03 23:01:00', 'REP', 18.34),
('2022-12-03 23:01:00', 'SANT', 11.25),
('2022-12-03 23:01:00', 'TELF', 4.9),
('2022-12-04 23:01:00', 'BBVA', 17.6),
('2022-12-04 23:01:00', 'CELL', 5.23),
('2022-12-04 23:01:00', 'FERRO', 15.68),
('2022-12-04 23:01:00', 'IBE', 11.87),
('2022-12-04 23:01:00', 'NAT', 13.69),
('2022-12-04 23:01:00', 'REP', 12.1),
('2022-12-04 23:01:00', 'SANT', 18.64),
('2022-12-04 23:01:00', 'TELF', 1.02),
('2022-12-05 23:01:00', 'BBVA', 12.82),
('2022-12-05 23:01:00', 'CELL', 18.89),
('2022-12-05 23:01:00', 'FERRO', 11.93),
('2022-12-05 23:01:00', 'IBE', 19.48),
('2022-12-05 23:01:00', 'NAT', 11.47),
('2022-12-05 23:01:00', 'REP', 5.32),
('2022-12-05 23:01:00', 'SANT', 18.66),
('2022-12-05 23:01:00', 'TELF', 9),
('2022-12-06 23:01:00', 'BBVA', 13.4),
('2022-12-06 23:01:00', 'CELL', 11.66),
('2022-12-06 23:01:00', 'FERRO', 15.15),
('2022-12-06 23:01:00', 'IBE', 8.17),
('2022-12-06 23:01:00', 'NAT', 17.03),
('2022-12-06 23:01:00', 'REP', 2.5),
('2022-12-06 23:01:00', 'SANT', 13.49),
('2022-12-06 23:01:00', 'TELF', 12.63),
('2022-12-07 23:01:00', 'BBVA', 4.04),
('2022-12-07 23:01:00', 'CELL', 17.18),
('2022-12-07 23:01:00', 'FERRO', 2.22),
('2022-12-07 23:01:00', 'IBE', 12.33),
('2022-12-07 23:01:00', 'NAT', 3.22),
('2022-12-07 23:01:00', 'REP', 18.48),
('2022-12-07 23:01:00', 'SANT', 9.51),
('2022-12-07 23:01:00', 'TELF', 11.47),
('2022-12-08 23:01:00', 'BBVA', 9.19),
('2022-12-08 23:01:00', 'CELL', 14.11),
('2022-12-08 23:01:00', 'FERRO', 18.43),
('2022-12-08 23:01:00', 'IBE', 8.12),
('2022-12-08 23:01:00', 'NAT', 9.71),
('2022-12-08 23:01:00', 'REP', 2.48),
('2022-12-08 23:01:00', 'SANT', 7.35),
('2022-12-08 23:01:00', 'TELF', 5.54),
('2022-12-09 23:01:00', 'BBVA', 14.82),
('2022-12-09 23:01:00', 'CELL', 17.27),
('2022-12-09 23:01:00', 'FERRO', 7.49),
('2022-12-09 23:01:00', 'IBE', 14.2),
('2022-12-09 23:01:00', 'NAT', 1.94),
('2022-12-09 23:01:00', 'REP', 19.23),
('2022-12-09 23:01:00', 'SANT', 4.49),
('2022-12-09 23:01:00', 'TELF', 18.11),
('2022-12-10 23:01:00', 'BBVA', 9.2),
('2022-12-10 23:01:00', 'CELL', 9.34),
('2022-12-10 23:01:00', 'FERRO', 2.2),
('2022-12-10 23:01:00', 'IBE', 8.44),
('2022-12-10 23:01:00', 'NAT', 3.83),
('2022-12-10 23:01:00', 'REP', 1.62),
('2022-12-10 23:01:00', 'SANT', 19.19),
('2022-12-10 23:01:00', 'TELF', 1.67),
('2022-12-11 23:01:00', 'BBVA', 1.83),
('2022-12-11 23:01:00', 'CELL', 10.72),
('2022-12-11 23:01:00', 'FERRO', 6.37),
('2022-12-11 23:01:00', 'IBE', 0.3),
('2022-12-11 23:01:00', 'NAT', 9.96),
('2022-12-11 23:01:00', 'REP', 6.37),
('2022-12-11 23:01:00', 'SANT', 16.7),
('2022-12-11 23:01:00', 'TELF', 16.87),
('2022-12-12 23:01:00', 'BBVA', 14.77),
('2022-12-12 23:01:00', 'CELL', 17.71),
('2022-12-12 23:01:00', 'FERRO', 14.83),
('2022-12-12 23:01:00', 'IBE', 1.59),
('2022-12-12 23:01:00', 'NAT', 11.47),
('2022-12-12 23:01:00', 'REP', 3.75),
('2022-12-12 23:01:00', 'SANT', 15),
('2022-12-12 23:01:00', 'TELF', 7.08),
('2022-12-13 23:01:00', 'BBVA', 3.59),
('2022-12-13 23:01:00', 'CELL', 2.83),
('2022-12-13 23:01:00', 'FERRO', 8.87),
('2022-12-13 23:01:00', 'IBE', 3.6),
('2022-12-13 23:01:00', 'NAT', 19.58),
('2022-12-13 23:01:00', 'REP', 14.24),
('2022-12-13 23:01:00', 'SANT', 4.84),
('2022-12-13 23:01:00', 'TELF', 2.21),
('2022-12-14 23:01:00', 'BBVA', 17.02),
('2022-12-14 23:01:00', 'CELL', 13.59),
('2022-12-14 23:01:00', 'FERRO', 7.49),
('2022-12-14 23:01:00', 'IBE', 7.35),
('2022-12-14 23:01:00', 'NAT', 1.77),
('2022-12-14 23:01:00', 'REP', 4.37),
('2022-12-14 23:01:00', 'SANT', 18.62),
('2022-12-14 23:01:00', 'TELF', 1.73),
('2022-12-15 23:01:00', 'BBVA', 14.74),
('2022-12-15 23:01:00', 'CELL', 7.34),
('2022-12-15 23:01:00', 'FERRO', 3.27),
('2022-12-15 23:01:00', 'IBE', 18.01),
('2022-12-15 23:01:00', 'NAT', 6.89),
('2022-12-15 23:01:00', 'REP', 12.7),
('2022-12-15 23:01:00', 'SANT', 3.62),
('2022-12-15 23:01:00', 'TELF', 8.96),
('2022-12-16 23:01:00', 'BBVA', 2.26),
('2022-12-16 23:01:00', 'CELL', 0.34),
('2022-12-16 23:01:00', 'FERRO', 17.84),
('2022-12-16 23:01:00', 'IBE', 12.26),
('2022-12-16 23:01:00', 'NAT', 6.57),
('2022-12-16 23:01:00', 'REP', 8.7),
('2022-12-16 23:01:00', 'SANT', 7.71),
('2022-12-16 23:01:00', 'TELF', 1.86),
('2022-12-17 23:01:00', 'BBVA', 12.94),
('2022-12-17 23:01:00', 'CELL', 3.31),
('2022-12-17 23:01:00', 'FERRO', 2.76),
('2022-12-17 23:01:00', 'IBE', 0.22),
('2022-12-17 23:01:00', 'NAT', 16.22),
('2022-12-17 23:01:00', 'REP', 17.61),
('2022-12-17 23:01:00', 'SANT', 16.64),
('2022-12-17 23:01:00', 'TELF', 6.14),
('2022-12-18 23:01:00', 'BBVA', 13.63),
('2022-12-18 23:01:00', 'CELL', 5.74),
('2022-12-18 23:01:00', 'FERRO', 3.84),
('2022-12-18 23:01:00', 'IBE', 7.4),
('2022-12-18 23:01:00', 'NAT', 14.38),
('2022-12-18 23:01:00', 'REP', 4.76),
('2022-12-18 23:01:00', 'SANT', 11.49),
('2022-12-18 23:01:00', 'TELF', 10.04),
('2022-12-19 23:01:00', 'BBVA', 18.58),
('2022-12-19 23:01:00', 'CELL', 9.45),
('2022-12-19 23:01:00', 'FERRO', 12.07),
('2022-12-19 23:01:00', 'IBE', 5.04),
('2022-12-19 23:01:00', 'NAT', 0.17),
('2022-12-19 23:01:00', 'REP', 17.65),
('2022-12-19 23:01:00', 'SANT', 16.84),
('2022-12-19 23:01:00', 'TELF', 12.46),
('2022-12-20 23:01:00', 'BBVA', 5.17),
('2022-12-20 23:01:00', 'CELL', 12.4),
('2022-12-20 23:01:00', 'FERRO', 14.49),
('2022-12-20 23:01:00', 'IBE', 7.58),
('2022-12-20 23:01:00', 'NAT', 0.98),
('2022-12-20 23:01:00', 'REP', 4.68),
('2022-12-20 23:01:00', 'SANT', 7.62),
('2022-12-20 23:01:00', 'TELF', 9.68),
('2022-12-21 23:01:00', 'BBVA', 4.16),
('2022-12-21 23:01:00', 'CELL', 0.79),
('2022-12-21 23:01:00', 'FERRO', 1.97),
('2022-12-21 23:01:00', 'IBE', 9.74),
('2022-12-21 23:01:00', 'NAT', 7.18),
('2022-12-21 23:01:00', 'REP', 4.4),
('2022-12-21 23:01:00', 'SANT', 9.03),
('2022-12-21 23:01:00', 'TELF', 9.55),
('2022-12-22 23:01:00', 'BBVA', 10.64),
('2022-12-22 23:01:00', 'CELL', 18.82),
('2022-12-22 23:01:00', 'FERRO', 16.15),
('2022-12-22 23:01:00', 'IBE', 16.14),
('2022-12-22 23:01:00', 'NAT', 5.03),
('2022-12-22 23:01:00', 'REP', 6.94),
('2022-12-22 23:01:00', 'SANT', 15.26),
('2022-12-22 23:01:00', 'TELF', 0.54),
('2022-12-23 23:01:00', 'BBVA', 15.86),
('2022-12-23 23:01:00', 'CELL', 13.95),
('2022-12-23 23:01:00', 'FERRO', 18.74),
('2022-12-23 23:01:00', 'IBE', 2.91),
('2022-12-23 23:01:00', 'NAT', 17.14),
('2022-12-23 23:01:00', 'REP', 18.83),
('2022-12-23 23:01:00', 'SANT', 8.26),
('2022-12-23 23:01:00', 'TELF', 19.26),
('2022-12-24 23:01:00', 'BBVA', 2),
('2022-12-24 23:01:00', 'CELL', 8.5),
('2022-12-24 23:01:00', 'FERRO', 7.24),
('2022-12-24 23:01:00', 'IBE', 4.9),
('2022-12-24 23:01:00', 'NAT', 15.25),
('2022-12-24 23:01:00', 'REP', 5.99),
('2022-12-24 23:01:00', 'SANT', 2.8),
('2022-12-24 23:01:00', 'TELF', 13.14),
('2022-12-25 23:01:00', 'BBVA', 0.98),
('2022-12-25 23:01:00', 'CELL', 16.68),
('2022-12-25 23:01:00', 'FERRO', 3.04),
('2022-12-25 23:01:00', 'IBE', 18.19),
('2022-12-25 23:01:00', 'NAT', 18.07),
('2022-12-25 23:01:00', 'REP', 2.8),
('2022-12-25 23:01:00', 'SANT', 0.26),
('2022-12-25 23:01:00', 'TELF', 16.48),
('2022-12-26 23:01:00', 'BBVA', 2.97),
('2022-12-26 23:01:00', 'CELL', 12.23),
('2022-12-26 23:01:00', 'FERRO', 11.2),
('2022-12-26 23:01:00', 'IBE', 1.33),
('2022-12-26 23:01:00', 'NAT', 1.01),
('2022-12-26 23:01:00', 'REP', 12.89),
('2022-12-26 23:01:00', 'SANT', 12.33),
('2022-12-26 23:01:00', 'TELF', 16.77),
('2022-12-27 23:01:00', 'BBVA', 0.5),
('2022-12-27 23:01:00', 'CELL', 13.72),
('2022-12-27 23:01:00', 'FERRO', 18.08),
('2022-12-27 23:01:00', 'IBE', 12.79),
('2022-12-27 23:01:00', 'NAT', 18.75),
('2022-12-27 23:01:00', 'REP', 13.47),
('2022-12-27 23:01:00', 'SANT', 12.06),
('2022-12-27 23:01:00', 'TELF', 2.6),
('2022-12-28 23:01:00', 'BBVA', 12.09),
('2022-12-28 23:01:00', 'CELL', 10.89),
('2022-12-28 23:01:00', 'FERRO', 1.43),
('2022-12-28 23:01:00', 'IBE', 0.67),
('2022-12-28 23:01:00', 'NAT', 6.34),
('2022-12-28 23:01:00', 'REP', 16.93),
('2022-12-28 23:01:00', 'SANT', 1.86),
('2022-12-28 23:01:00', 'TELF', 1.45),
('2022-12-29 23:01:00', 'BBVA', 8.28),
('2022-12-29 23:01:00', 'CELL', 19.94),
('2022-12-29 23:01:00', 'FERRO', 7.18),
('2022-12-29 23:01:00', 'IBE', 16.25),
('2022-12-29 23:01:00', 'NAT', 5.48),
('2022-12-29 23:01:00', 'REP', 16.35),
('2022-12-29 23:01:00', 'SANT', 18.56),
('2022-12-29 23:01:00', 'TELF', 9.49),
('2022-12-30 23:01:00', 'BBVA', 17.97),
('2022-12-30 23:01:00', 'CELL', 1.38),
('2022-12-30 23:01:00', 'FERRO', 5.14),
('2022-12-30 23:01:00', 'IBE', 19.09),
('2022-12-30 23:01:00', 'NAT', 5.44),
('2022-12-30 23:01:00', 'REP', 1.02),
('2022-12-30 23:01:00', 'SANT', 11.32),
('2022-12-30 23:01:00', 'TELF', 4.76),
('2022-12-31 23:01:00', 'BBVA', 11.35),
('2022-12-31 23:01:00', 'CELL', 9.36),
('2022-12-31 23:01:00', 'FERRO', 13.61),
('2022-12-31 23:01:00', 'IBE', 8),
('2022-12-31 23:01:00', 'NAT', 2.24),
('2022-12-31 23:01:00', 'REP', 1.91),
('2022-12-31 23:01:00', 'SANT', 15.67),
('2022-12-31 23:01:00', 'TELF', 18.49),
('2023-01-01 23:01:00', 'BBVA', 3.37),
('2023-01-01 23:01:00', 'CELL', 8.95),
('2023-01-01 23:01:00', 'FERRO', 13.77),
('2023-01-01 23:01:00', 'IBE', 9.26),
('2023-01-01 23:01:00', 'NAT', 19.08),
('2023-01-01 23:01:00', 'REP', 16.58),
('2023-01-01 23:01:00', 'SANT', 5.15),
('2023-01-01 23:01:00', 'TELF', 11.03),
('2023-01-02 23:01:00', 'BBVA', 14.5),
('2023-01-02 23:01:00', 'CELL', 17.5),
('2023-01-02 23:01:00', 'FERRO', 12.43),
('2023-01-02 23:01:00', 'IBE', 19.97),
('2023-01-02 23:01:00', 'NAT', 11.39),
('2023-01-02 23:01:00', 'REP', 5.5),
('2023-01-02 23:01:00', 'SANT', 8.32),
('2023-01-02 23:01:00', 'TELF', 6.76),
('2023-01-03 23:01:00', 'BBVA', 3.52),
('2023-01-03 23:01:00', 'CELL', 18.53),
('2023-01-03 23:01:00', 'FERRO', 10.06),
('2023-01-03 23:01:00', 'IBE', 8.19),
('2023-01-03 23:01:00', 'NAT', 11.19),
('2023-01-03 23:01:00', 'REP', 15.3),
('2023-01-03 23:01:00', 'SANT', 3.76),
('2023-01-03 23:01:00', 'TELF', 11.64),
('2023-01-04 23:01:00', 'BBVA', 16.13),
('2023-01-04 23:01:00', 'CELL', 16.89),
('2023-01-04 23:01:00', 'FERRO', 11.32),
('2023-01-04 23:01:00', 'IBE', 8.93),
('2023-01-04 23:01:00', 'NAT', 6.1),
('2023-01-04 23:01:00', 'REP', 5.67),
('2023-01-04 23:01:00', 'SANT', 5.37),
('2023-01-04 23:01:00', 'TELF', 1.09),
('2023-01-05 23:01:00', 'BBVA', 6.6),
('2023-01-05 23:01:00', 'CELL', 10.01),
('2023-01-05 23:01:00', 'FERRO', 18.57),
('2023-01-05 23:01:00', 'IBE', 12.97),
('2023-01-05 23:01:00', 'NAT', 5.02),
('2023-01-05 23:01:00', 'REP', 15.79),
('2023-01-05 23:01:00', 'SANT', 14.7),
('2023-01-05 23:01:00', 'TELF', 12.76),
('2023-01-06 23:01:00', 'BBVA', 6.99),
('2023-01-06 23:01:00', 'CELL', 4.55),
('2023-01-06 23:01:00', 'FERRO', 13.37),
('2023-01-06 23:01:00', 'IBE', 10.85),
('2023-01-06 23:01:00', 'NAT', 7.26),
('2023-01-06 23:01:00', 'REP', 16.59),
('2023-01-06 23:01:00', 'SANT', 18.82),
('2023-01-06 23:01:00', 'TELF', 8.09),
('2023-01-07 23:01:00', 'BBVA', 14.46),
('2023-01-07 23:01:00', 'CELL', 16.85),
('2023-01-07 23:01:00', 'FERRO', 14.74),
('2023-01-07 23:01:00', 'IBE', 1.82),
('2023-01-07 23:01:00', 'NAT', 16.06),
('2023-01-07 23:01:00', 'REP', 13.87),
('2023-01-07 23:01:00', 'SANT', 5.07),
('2023-01-07 23:01:00', 'TELF', 6.46),
('2023-01-08 23:01:00', 'BBVA', 11),
('2023-01-08 23:01:00', 'CELL', 5.55),
('2023-01-08 23:01:00', 'FERRO', 7.29),
('2023-01-08 23:01:00', 'IBE', 14.18),
('2023-01-08 23:01:00', 'NAT', 17.59),
('2023-01-08 23:01:00', 'REP', 2.96),
('2023-01-08 23:01:00', 'SANT', 7.86),
('2023-01-08 23:01:00', 'TELF', 18.91),
('2023-01-09 23:01:00', 'BBVA', 3.22),
('2023-01-09 23:01:00', 'CELL', 9.75),
('2023-01-09 23:01:00', 'FERRO', 3.64),
('2023-01-09 23:01:00', 'IBE', 18.33),
('2023-01-09 23:01:00', 'NAT', 6.41),
('2023-01-09 23:01:00', 'REP', 9.95),
('2023-01-09 23:01:00', 'SANT', 19),
('2023-01-09 23:01:00', 'TELF', 4.23),
('2023-01-10 23:01:00', 'BBVA', 4),
('2023-01-10 23:01:00', 'CELL', 14.53),
('2023-01-10 23:01:00', 'FERRO', 2.77),
('2023-01-10 23:01:00', 'IBE', 16.28),
('2023-01-10 23:01:00', 'NAT', 1.12),
('2023-01-10 23:01:00', 'REP', 16.45),
('2023-01-10 23:01:00', 'SANT', 13.72),
('2023-01-10 23:01:00', 'TELF', 1.33),
('2023-01-11 23:01:00', 'BBVA', 10.53),
('2023-01-11 23:01:00', 'CELL', 4.3),
('2023-01-11 23:01:00', 'FERRO', 14.45),
('2023-01-11 23:01:00', 'IBE', 8.9),
('2023-01-11 23:01:00', 'NAT', 3.24),
('2023-01-11 23:01:00', 'REP', 18.52),
('2023-01-11 23:01:00', 'SANT', 11.13),
('2023-01-11 23:01:00', 'TELF', 12.75),
('2023-01-12 23:01:00', 'BBVA', 1.21),
('2023-01-12 23:01:00', 'CELL', 14.54),
('2023-01-12 23:01:00', 'FERRO', 16.52),
('2023-01-12 23:01:00', 'IBE', 7.64),
('2023-01-12 23:01:00', 'NAT', 19.81),
('2023-01-12 23:01:00', 'REP', 6.29),
('2023-01-12 23:01:00', 'SANT', 6.07),
('2023-01-12 23:01:00', 'TELF', 16.58),
('2023-01-13 23:01:00', 'BBVA', 12.19),
('2023-01-13 23:01:00', 'CELL', 11.2),
('2023-01-13 23:01:00', 'FERRO', 14.62),
('2023-01-13 23:01:00', 'IBE', 19.09),
('2023-01-13 23:01:00', 'NAT', 11.8),
('2023-01-13 23:01:00', 'REP', 5.19),
('2023-01-13 23:01:00', 'SANT', 15.06),
('2023-01-13 23:01:00', 'TELF', 19.21),
('2023-01-14 23:01:00', 'BBVA', 4.58),
('2023-01-14 23:01:00', 'CELL', 7.79),
('2023-01-14 23:01:00', 'FERRO', 11.08),
('2023-01-14 23:01:00', 'IBE', 11.33),
('2023-01-14 23:01:00', 'NAT', 5.72),
('2023-01-14 23:01:00', 'REP', 17.69),
('2023-01-14 23:01:00', 'SANT', 1.79),
('2023-01-14 23:01:00', 'TELF', 1.63),
('2023-01-15 23:01:00', 'BBVA', 17.37),
('2023-01-15 23:01:00', 'CELL', 17.17),
('2023-01-15 23:01:00', 'FERRO', 17.32),
('2023-01-15 23:01:00', 'IBE', 18.82),
('2023-01-15 23:01:00', 'NAT', 10.02),
('2023-01-15 23:01:00', 'REP', 14.56),
('2023-01-15 23:01:00', 'SANT', 4.02),
('2023-01-15 23:01:00', 'TELF', 19.42),
('2023-01-16 23:01:00', 'BBVA', 4.95),
('2023-01-16 23:01:00', 'CELL', 4.63),
('2023-01-16 23:01:00', 'FERRO', 19.69),
('2023-01-16 23:01:00', 'IBE', 5.67),
('2023-01-16 23:01:00', 'NAT', 19.61),
('2023-01-16 23:01:00', 'REP', 2.26),
('2023-01-16 23:01:00', 'SANT', 18.59),
('2023-01-16 23:01:00', 'TELF', 15.83),
('2023-01-17 23:01:00', 'BBVA', 18.61),
('2023-01-17 23:01:00', 'CELL', 0.49),
('2023-01-17 23:01:00', 'FERRO', 17.48),
('2023-01-17 23:01:00', 'IBE', 18.95),
('2023-01-17 23:01:00', 'NAT', 12.28),
('2023-01-17 23:01:00', 'REP', 12.41),
('2023-01-17 23:01:00', 'SANT', 19.06),
('2023-01-17 23:01:00', 'TELF', 6.15),
('2023-01-18 23:01:00', 'BBVA', 14.5),
('2023-01-18 23:01:00', 'CELL', 14.55),
('2023-01-18 23:01:00', 'FERRO', 18.64),
('2023-01-18 23:01:00', 'IBE', 10.17),
('2023-01-18 23:01:00', 'NAT', 2.39),
('2023-01-18 23:01:00', 'REP', 4.29),
('2023-01-18 23:01:00', 'SANT', 14.35),
('2023-01-18 23:01:00', 'TELF', 6.35),
('2023-01-19 23:01:00', 'BBVA', 11.37),
('2023-01-19 23:01:00', 'CELL', 4.03),
('2023-01-19 23:01:00', 'FERRO', 1.45),
('2023-01-19 23:01:00', 'IBE', 15.54),
('2023-01-19 23:01:00', 'NAT', 13.03),
('2023-01-19 23:01:00', 'REP', 5.64),
('2023-01-19 23:01:00', 'SANT', 15.33),
('2023-01-19 23:01:00', 'TELF', 11.94),
('2023-01-20 23:01:00', 'BBVA', 3.81),
('2023-01-20 23:01:00', 'CELL', 2.92),
('2023-01-20 23:01:00', 'FERRO', 2.83),
('2023-01-20 23:01:00', 'IBE', 17.25),
('2023-01-20 23:01:00', 'NAT', 14.36),
('2023-01-20 23:01:00', 'REP', 1.56),
('2023-01-20 23:01:00', 'SANT', 16.45),
('2023-01-20 23:01:00', 'TELF', 17.92),
('2023-01-21 23:01:00', 'BBVA', 1.72),
('2023-01-21 23:01:00', 'CELL', 13.72),
('2023-01-21 23:01:00', 'FERRO', 14.59),
('2023-01-21 23:01:00', 'IBE', 4.65),
('2023-01-21 23:01:00', 'NAT', 1.87),
('2023-01-21 23:01:00', 'REP', 16.13),
('2023-01-21 23:01:00', 'SANT', 11.98),
('2023-01-21 23:01:00', 'TELF', 12.59),
('2023-01-22 23:01:00', 'BBVA', 11.51),
('2023-01-22 23:01:00', 'CELL', 13.24),
('2023-01-22 23:01:00', 'FERRO', 13.05),
('2023-01-22 23:01:00', 'IBE', 6.18),
('2023-01-22 23:01:00', 'NAT', 15.02),
('2023-01-22 23:01:00', 'REP', 7.6),
('2023-01-22 23:01:00', 'SANT', 16.1),
('2023-01-22 23:01:00', 'TELF', 8.65),
('2023-01-23 23:01:00', 'BBVA', 19.82),
('2023-01-23 23:01:00', 'CELL', 17.42),
('2023-01-23 23:01:00', 'FERRO', 1.99),
('2023-01-23 23:01:00', 'IBE', 9.22),
('2023-01-23 23:01:00', 'NAT', 9.86),
('2023-01-23 23:01:00', 'REP', 9.08),
('2023-01-23 23:01:00', 'SANT', 6.69),
('2023-01-23 23:01:00', 'TELF', 14.07),
('2023-01-24 23:01:00', 'BBVA', 14.28),
('2023-01-24 23:01:00', 'CELL', 7.65),
('2023-01-24 23:01:00', 'FERRO', 14.79),
('2023-01-24 23:01:00', 'IBE', 8.33),
('2023-01-24 23:01:00', 'NAT', 15.34),
('2023-01-24 23:01:00', 'REP', 1.67),
('2023-01-24 23:01:00', 'SANT', 6.77),
('2023-01-24 23:01:00', 'TELF', 10.78),
('2023-01-25 23:01:00', 'BBVA', 10.3),
('2023-01-25 23:01:00', 'CELL', 1.5),
('2023-01-25 23:01:00', 'FERRO', 2.21),
('2023-01-25 23:01:00', 'IBE', 9.81),
('2023-01-25 23:01:00', 'NAT', 14.65),
('2023-01-25 23:01:00', 'REP', 10.53),
('2023-01-25 23:01:00', 'SANT', 0.5),
('2023-01-25 23:01:00', 'TELF', 9.95),
('2023-01-26 23:01:00', 'BBVA', 11.21),
('2023-01-26 23:01:00', 'CELL', 2.42),
('2023-01-26 23:01:00', 'FERRO', 9.85),
('2023-01-26 23:01:00', 'IBE', 15.18),
('2023-01-26 23:01:00', 'NAT', 5.8),
('2023-01-26 23:01:00', 'REP', 6.78),
('2023-01-26 23:01:00', 'SANT', 12.81),
('2023-01-26 23:01:00', 'TELF', 0.29),
('2023-01-27 23:01:00', 'BBVA', 0.84),
('2023-01-27 23:01:00', 'CELL', 8.77),
('2023-01-27 23:01:00', 'FERRO', 18.26),
('2023-01-27 23:01:00', 'IBE', 17.17),
('2023-01-27 23:01:00', 'NAT', 14.27),
('2023-01-27 23:01:00', 'REP', 8.94),
('2023-01-27 23:01:00', 'SANT', 11.55),
('2023-01-27 23:01:00', 'TELF', 12.75),
('2023-01-28 23:01:00', 'BBVA', 10.34),
('2023-01-28 23:01:00', 'CELL', 17.23),
('2023-01-28 23:01:00', 'FERRO', 13.81),
('2023-01-28 23:01:00', 'IBE', 9.03),
('2023-01-28 23:01:00', 'NAT', 12.51),
('2023-01-28 23:01:00', 'REP', 9.99),
('2023-01-28 23:01:00', 'SANT', 5.92),
('2023-01-28 23:01:00', 'TELF', 0.52),
('2023-01-29 23:01:00', 'BBVA', 4.94),
('2023-01-29 23:01:00', 'CELL', 5.66),
('2023-01-29 23:01:00', 'FERRO', 16.61),
('2023-01-29 23:01:00', 'IBE', 1.2),
('2023-01-29 23:01:00', 'NAT', 16.79),
('2023-01-29 23:01:00', 'REP', 12.54),
('2023-01-29 23:01:00', 'SANT', 14.01),
('2023-01-29 23:01:00', 'TELF', 10.47),
('2023-01-30 23:01:00', 'BBVA', 3.33),
('2023-01-30 23:01:00', 'CELL', 15.28),
('2023-01-30 23:01:00', 'FERRO', 5.07),
('2023-01-30 23:01:00', 'IBE', 4.11),
('2023-01-30 23:01:00', 'NAT', 12.89),
('2023-01-30 23:01:00', 'REP', 4.39),
('2023-01-30 23:01:00', 'SANT', 18.28),
('2023-01-30 23:01:00', 'TELF', 8.94),
('2023-01-31 23:01:00', 'BBVA', 3.19),
('2023-01-31 23:01:00', 'CELL', 4.14),
('2023-01-31 23:01:00', 'FERRO', 2.2),
('2023-01-31 23:01:00', 'IBE', 4.38),
('2023-01-31 23:01:00', 'NAT', 2.54),
('2023-01-31 23:01:00', 'REP', 17.98),
('2023-01-31 23:01:00', 'SANT', 15.97),
('2023-01-31 23:01:00', 'TELF', 15.35),
('2023-02-01 23:01:00', 'BBVA', 15.48),
('2023-02-01 23:01:00', 'CELL', 7.09),
('2023-02-01 23:01:00', 'FERRO', 10.73),
('2023-02-01 23:01:00', 'IBE', 17.23),
('2023-02-01 23:01:00', 'NAT', 1.05),
('2023-02-01 23:01:00', 'REP', 0.98),
('2023-02-01 23:01:00', 'SANT', 6.2),
('2023-02-01 23:01:00', 'TELF', 16.59),
('2023-02-02 23:01:00', 'BBVA', 11.69),
('2023-02-02 23:01:00', 'CELL', 14.66),
('2023-02-02 23:01:00', 'FERRO', 11.67),
('2023-02-02 23:01:00', 'IBE', 10.78),
('2023-02-02 23:01:00', 'NAT', 8.46),
('2023-02-02 23:01:00', 'REP', 12.86),
('2023-02-02 23:01:00', 'SANT', 7.03),
('2023-02-02 23:01:00', 'TELF', 13.54),
('2023-02-03 23:01:00', 'BBVA', 10.94),
('2023-02-03 23:01:00', 'CELL', 0.71),
('2023-02-03 23:01:00', 'FERRO', 3.19),
('2023-02-03 23:01:00', 'IBE', 10.41),
('2023-02-03 23:01:00', 'NAT', 0.44),
('2023-02-03 23:01:00', 'REP', 14.42),
('2023-02-03 23:01:00', 'SANT', 7.47),
('2023-02-03 23:01:00', 'TELF', 17.42),
('2023-02-04 23:01:00', 'BBVA', 4.65),
('2023-02-04 23:01:00', 'CELL', 19.9),
('2023-02-04 23:01:00', 'FERRO', 15.99),
('2023-02-04 23:01:00', 'IBE', 5.3),
('2023-02-04 23:01:00', 'NAT', 5.77),
('2023-02-04 23:01:00', 'REP', 5.08),
('2023-02-04 23:01:00', 'SANT', 16.97),
('2023-02-04 23:01:00', 'TELF', 18.46),
('2023-02-05 23:01:00', 'BBVA', 4.78),
('2023-02-05 23:01:00', 'CELL', 9.74),
('2023-02-05 23:01:00', 'FERRO', 5.27),
('2023-02-05 23:01:00', 'IBE', 2.59),
('2023-02-05 23:01:00', 'NAT', 17.21),
('2023-02-05 23:01:00', 'REP', 0.79),
('2023-02-05 23:01:00', 'SANT', 9.37),
('2023-02-05 23:01:00', 'TELF', 9.52),
('2023-02-06 23:01:00', 'BBVA', 7.71),
('2023-02-06 23:01:00', 'CELL', 19.08),
('2023-02-06 23:01:00', 'FERRO', 5.03),
('2023-02-06 23:01:00', 'IBE', 17.68),
('2023-02-06 23:01:00', 'NAT', 5.32),
('2023-02-06 23:01:00', 'REP', 13.14),
('2023-02-06 23:01:00', 'SANT', 5.85),
('2023-02-06 23:01:00', 'TELF', 3.53),
('2023-02-07 23:01:00', 'BBVA', 11.11),
('2023-02-07 23:01:00', 'CELL', 18.45),
('2023-02-07 23:01:00', 'FERRO', 1.71),
('2023-02-07 23:01:00', 'IBE', 15.42),
('2023-02-07 23:01:00', 'NAT', 4.83),
('2023-02-07 23:01:00', 'REP', 9.82),
('2023-02-07 23:01:00', 'SANT', 17.62),
('2023-02-07 23:01:00', 'TELF', 4.21),
('2023-02-08 23:01:00', 'BBVA', 14.01),
('2023-02-08 23:01:00', 'CELL', 8.4),
('2023-02-08 23:01:00', 'FERRO', 8.98),
('2023-02-08 23:01:00', 'IBE', 17.15),
('2023-02-08 23:01:00', 'NAT', 15.8),
('2023-02-08 23:01:00', 'REP', 17.81),
('2023-02-08 23:01:00', 'SANT', 2.79),
('2023-02-08 23:01:00', 'TELF', 9.57),
('2023-02-09 07:10:19', 'BBVA', 19.35),
('2023-02-09 07:10:19', 'CELL', 18.21),
('2023-02-09 07:10:19', 'FERRO', 5.53),
('2023-02-09 07:10:19', 'IBE', 11.68),
('2023-02-09 07:10:19', 'NAT', 11.08),
('2023-02-09 07:10:19', 'REP', 14.16),
('2023-02-09 07:10:19', 'SANT', 9.14),
('2023-02-09 07:10:19', 'TELF', 7.07);

-- --------------------------------------------------------

--
-- Estructura de tabla para la tabla `empresas`
--

CREATE TABLE `empresas` (
  `empresa` varchar(255) NOT NULL
) ENGINE=InnoDB DEFAULT CHARSET=utf8mb4 COLLATE=utf8mb4_unicode_ci;

--
-- Volcado de datos para la tabla `empresas`
--

INSERT INTO `empresas` (`empresa`) VALUES
('BBVA'),
('CELL'),
('FERRO'),
('IBE'),
('NAT'),
('REP'),
('SANT'),
('TELF');

-- --------------------------------------------------------

--
-- Estructura de tabla para la tabla `failed_jobs`
--

CREATE TABLE `failed_jobs` (
  `id` bigint(20) UNSIGNED NOT NULL,
  `uuid` varchar(255) NOT NULL,
  `connection` text NOT NULL,
  `queue` text NOT NULL,
  `payload` longtext NOT NULL,
  `exception` longtext NOT NULL,
  `failed_at` timestamp NOT NULL DEFAULT current_timestamp()
) ENGINE=InnoDB DEFAULT CHARSET=utf8mb4 COLLATE=utf8mb4_unicode_ci;

-- --------------------------------------------------------

--
-- Estructura de tabla para la tabla `migrations`
--

CREATE TABLE `migrations` (
  `id` int(10) UNSIGNED NOT NULL,
  `migration` varchar(255) NOT NULL,
  `batch` int(11) NOT NULL
) ENGINE=InnoDB DEFAULT CHARSET=utf8mb4 COLLATE=utf8mb4_unicode_ci;

--
-- Volcado de datos para la tabla `migrations`
--

INSERT INTO `migrations` (`id`, `migration`, `batch`) VALUES
(8, '2014_10_12_000000_create_users_table', 1),
(9, '2014_10_12_100000_create_password_resets_table', 1),
(10, '2019_08_19_000000_create_failed_jobs_table', 1),
(11, '2019_12_14_000001_create_personal_access_tokens_table', 1),
(12, '2023_01_23_122905_create_table_name', 1);

-- --------------------------------------------------------

--
-- Estructura de tabla para la tabla `password_resets`
--

CREATE TABLE `password_resets` (
  `email` varchar(255) NOT NULL,
  `token` varchar(255) NOT NULL,
  `created_at` timestamp NULL DEFAULT NULL
) ENGINE=InnoDB DEFAULT CHARSET=utf8mb4 COLLATE=utf8mb4_unicode_ci;

-- --------------------------------------------------------

--
-- Estructura de tabla para la tabla `personal_access_tokens`
--

CREATE TABLE `personal_access_tokens` (
  `id` bigint(20) UNSIGNED NOT NULL,
  `tokenable_type` varchar(255) NOT NULL,
  `tokenable_id` bigint(20) UNSIGNED NOT NULL,
  `name` varchar(255) NOT NULL,
  `token` varchar(64) NOT NULL,
  `abilities` text DEFAULT NULL,
  `last_used_at` timestamp NULL DEFAULT NULL,
  `expires_at` timestamp NULL DEFAULT NULL,
  `created_at` timestamp NULL DEFAULT NULL,
  `updated_at` timestamp NULL DEFAULT NULL
) ENGINE=InnoDB DEFAULT CHARSET=utf8mb4 COLLATE=utf8mb4_unicode_ci;

-- --------------------------------------------------------

--
-- Estructura de tabla para la tabla `table_name`
--

CREATE TABLE `table_name` (
  `id` bigint(20) UNSIGNED NOT NULL,
  `created_at` timestamp NULL DEFAULT NULL,
  `updated_at` timestamp NULL DEFAULT NULL
) ENGINE=InnoDB DEFAULT CHARSET=utf8mb4 COLLATE=utf8mb4_unicode_ci;

-- --------------------------------------------------------

--
-- Estructura de tabla para la tabla `users`
--

CREATE TABLE `users` (
  `id` bigint(20) UNSIGNED NOT NULL,
  `name` varchar(255) NOT NULL,
  `email` varchar(255) NOT NULL,
  `email_verified_at` timestamp NULL DEFAULT NULL,
  `password` varchar(255) NOT NULL,
  `remember_token` varchar(100) DEFAULT NULL,
  `created_at` timestamp NULL DEFAULT NULL,
  `updated_at` timestamp NULL DEFAULT NULL
) ENGINE=InnoDB DEFAULT CHARSET=utf8mb4 COLLATE=utf8mb4_unicode_ci;

--
-- Volcado de datos para la tabla `users`
--

INSERT INTO `users` (`id`, `name`, `email`, `email_verified_at`, `password`, `remember_token`, `created_at`, `updated_at`) VALUES
(1, 'Jon', 'ikbdu@plaiaundi.net', NULL, '$2y$10$Z6RRyc0BPh4bqbEgGLHDRu5mwu89QcdsSnZY8Q8Wz0.pCZxY7r5ha', NULL, '2023-02-01 09:42:33', '2023-02-01 09:42:33'),
(2, 'paco', 'paco@gmail.com', NULL, '$2y$10$VhbRstkNCFUxI993N7AKqeVdr40I4DxAzdouW93qNCdh5kxPgK4Ry', NULL, '2023-02-01 10:39:46', '2023-02-01 10:39:46'),
(3, 'luis', 'luis@gmail.com', NULL, '$2y$10$3XjyiZ.vHUJ6IjuVUzrn2.DCknA04C9jG0tbqoRrYDa.QA9t6rpQC', NULL, '2023-02-01 10:41:08', '2023-02-01 10:41:08');

--
-- Índices para tablas volcadas
--

--
-- Indices de la tabla `cotizacion`
--
ALTER TABLE `cotizacion`
  ADD PRIMARY KEY (`fecha`,`empresa`);

--
-- Indices de la tabla `empresas`
--
ALTER TABLE `empresas`
  ADD PRIMARY KEY (`empresa`);

--
-- Indices de la tabla `failed_jobs`
--
ALTER TABLE `failed_jobs`
  ADD PRIMARY KEY (`id`),
  ADD UNIQUE KEY `failed_jobs_uuid_unique` (`uuid`);

--
-- Indices de la tabla `migrations`
--
ALTER TABLE `migrations`
  ADD PRIMARY KEY (`id`);

--
-- Indices de la tabla `password_resets`
--
ALTER TABLE `password_resets`
  ADD PRIMARY KEY (`email`);

--
-- Indices de la tabla `personal_access_tokens`
--
ALTER TABLE `personal_access_tokens`
  ADD PRIMARY KEY (`id`),
  ADD UNIQUE KEY `personal_access_tokens_token_unique` (`token`),
  ADD KEY `personal_access_tokens_tokenable_type_tokenable_id_index` (`tokenable_type`,`tokenable_id`);

--
-- Indices de la tabla `table_name`
--
ALTER TABLE `table_name`
  ADD PRIMARY KEY (`id`);

--
-- Indices de la tabla `users`
--
ALTER TABLE `users`
  ADD PRIMARY KEY (`id`),
  ADD UNIQUE KEY `users_email_unique` (`email`);

--
-- AUTO_INCREMENT de las tablas volcadas
--

--
-- AUTO_INCREMENT de la tabla `failed_jobs`
--
ALTER TABLE `failed_jobs`
  MODIFY `id` bigint(20) UNSIGNED NOT NULL AUTO_INCREMENT;

--
-- AUTO_INCREMENT de la tabla `migrations`
--
ALTER TABLE `migrations`
  MODIFY `id` int(10) UNSIGNED NOT NULL AUTO_INCREMENT, AUTO_INCREMENT=13;

--
-- AUTO_INCREMENT de la tabla `personal_access_tokens`
--
ALTER TABLE `personal_access_tokens`
  MODIFY `id` bigint(20) UNSIGNED NOT NULL AUTO_INCREMENT;

--
-- AUTO_INCREMENT de la tabla `table_name`
--
ALTER TABLE `table_name`
  MODIFY `id` bigint(20) UNSIGNED NOT NULL AUTO_INCREMENT;

--
-- AUTO_INCREMENT de la tabla `users`
--
ALTER TABLE `users`
  MODIFY `id` bigint(20) UNSIGNED NOT NULL AUTO_INCREMENT, AUTO_INCREMENT=4;
COMMIT;

/*!40101 SET CHARACTER_SET_CLIENT=@OLD_CHARACTER_SET_CLIENT */;
/*!40101 SET CHARACTER_SET_RESULTS=@OLD_CHARACTER_SET_RESULTS */;
/*!40101 SET COLLATION_CONNECTION=@OLD_COLLATION_CONNECTION */;
